,Host,6/14,,Level,Month,Discord,Badge,Agent,New,Active,Prorate,Days,Day Pace,Days Goal,Days Left,Hours,Hrs Goal,Hours Left,?,? Pace,Tier,Tier Goal,Tier Left,Tier Status,Tier LM,,? Last 30,-1 Month ?,-2 Month ?,-1 Level,-2 Level,Score,Earned,Gifted,Running,Multiply,Unlocked,,Est Rev,Days Month,Hours Month,Rewards Month,Link
1,7401047742329470977,stiansings,GO,2,23,@_jebsen,,Eliza,206,Y,1.00,14,136%,15,1,97,40,-57,"859,969","1,842,791",5,"1,000,000","140,031",Up,5,,"121,520","652,620","1,057,266",3,4,72,"1,045,000",0,"179,002",2x,"179,002",,"?2,902.40",18,60,0,https://www.tiktok.com/@stiansings
2,7457160386807332881,lex_therapy,GO,1,18,@lex016861,,Eliza,166,Y,1.00,11,107%,11,0,28,30,2,"149,006","319,299",2,"300,000","150,994",Down,3,,"3,214,920","218,329","428,393",2,4,42,"151,000","10,000","9,000",1x,"9,000",,?502.90,15,40,0,https://www.tiktok.com/@lex_therapy
4,7559193040137486337,glitterzbyashleigh,GO,1,9,@allthatglitterzbyashleigh,,Eliza,724,Y,1.00,8,78%,11,3,27,30,3,"24,451","52,395",1,"100,000","75,549",-,1,,"23,132","35,248","45,132",4,4,24,"4,000",0,"4,000",-,0,,?82.52,22,80,0,https://www.tiktok.com/@glitterzbyashleigh
3,7574151038060593169,lucamusicuk,GO,-1,8,,,Ruta,86,Y,1.00,2,19%,,,9,,,"40,536","86,863",1,"200,000","159,464",Down,2,,"33,955","183,920","111,040",3,1,21,"14,500",0,"14,500",-,0,,?136.81,18,60,0,https://www.tiktok.com/@lucamusicuk
7,7493920503741284369,shelby.d3st1ny,GO,-1,15,,,LA,202,Y,1.00,4,39%,,,8,,,"4,906","10,513",1,"100,000","95,094",Down,1,,0,"6,585","5,927",0,2,2,0,0,0,-,0,,?16.56,8,20,0,https://www.tiktok.com/@shelby.d3st1ny
11,7404012779482464257,ironladyontt,GO,-1,9,,,Eliza,3,Y,1.00,1,10%,,,5,,,"2,356","5,049",1,"100,000","97,644",Down,1,,"50,139","34,613","132,222",0,4,9,"19,500",0,"14,900",-,0,,?7.95,8,20,0,https://www.tiktok.com/@ironladyontt
6,7401799282707415041,evolutionguidance,GO,0,23,@liamcourtnae,,Eliza,24,Y,1.00,8,78%,8,0,16,20,4,"5,311","11,381",1,"100,000","94,689",-,1,,"42,186","19,466","25,039",2,4,14,"220,500",0,0,-,0,,?17.92,15,40,0,https://www.tiktok.com/@evolutionguidance
5,7406620553374646289,strength_byalex,GO,-1,23,@vestbru,,Eliza,664,Y,1.00,9,88%,,,13,,,"17,082","36,604",1,"100,000","82,918",Down,1,,"138,457","13,234","24,439",2,1,6,"12,500",0,"12,500",-,0,,?57.65,15,40,0,https://www.tiktok.com/@strength_byalex
9,7424421480626225169,official_gonul,GO,-1,21,,,Ruta,4,Y,1.00,2,19%,,,3,,,"3,297","7,065",1,"100,000","96,703",Down,1,,"1,579,974","8,732","18,430",3,4,13,"26,500",0,"12,000",-,0,,?11.13,18,60,0,https://www.tiktok.com/@official_gonul
21,7456790095128199169,chef.yk,GO,-1,15,@chef.yk,,Eliza,15,Y,1.00,0,0%,,,0,,,570,"1,221",1,"100,000","99,430",Down,1,,"2,474,792","1,594",636,-1,-1,-3,0,0,0,-,0,,?1.92,8,20,0,https://www.tiktok.com/@chef.yk
20,7386542166048260112,call_itmusic,GO,-1,14,@call_itmusic,,Eliza,70,Y,1.00,4,39%,,,11,,,622,"1,333",1,"100,000","99,378",Down,1,,"55,998","11,424",4,-1,-1,-3,"3,500",0,"3,500",-,0,,?2.10,8,20,0,https://www.tiktok.com/@call_itmusic
10,7359137203303317510,misskirsteab,GO,-1,23,@kirsteab,,Eliza,82,Y,1.00,2,19%,,,6,,,"2,832","6,069",1,"100,000","97,168",Down,1,,"119,596","20,720","20,856",-1,-1,-1,"82,000",0,0,-,0,,?9.56,8,20,0,https://www.tiktok.com/@misskirsteab
22,7397527387480670224,patrickkimberguitar,GO,-1,24,@patrickkimberguitar,,Eliza,8,Y,1.00,0,0%,,,3,,,546,"1,170",1,"100,000","99,454",Down,1,,"41,696","6,237","2,412",-1,-1,-3,"24,000",0,"-3,000",-,0,,?1.84,8,20,0,https://www.tiktok.com/@patrickkimberguitar
8,7563974554528546817,natalieanderson60,GO,-1,9,@natsky82,,Eliza,9,Y,1.00,3,29%,,,7,,,"4,184","8,966",1,"100,000","95,816",Down,1,,"104,910",987,"4,541",-1,-1,-2,500,0,500,-,0,,?14.12,8,20,0,https://www.tiktok.com/@natalieanderson60
17,7460229802427940881,thelegendarynutjob,GO,-1,18,,,LA,6,Y,1.00,2,19%,,,4,,,794,"1,701",1,"100,000","99,206",Down,1,,"1,145,244",0,0,-1,-1,-3,0,0,0,-,0,,?2.68,8,20,0,https://www.tiktok.com/@thelegendarynutjob
19,7425485491497304081,sxjayx5,GO,1,17,,,LA,75,Y,1.00,14,136%,11,-3,27,30,3,674,"1,444",1,"100,000","99,326",-,1,,"163,297","1,369","1,397",4,4,21,"3,000",0,"3,000",-,0,,?2.27,22,80,0,https://www.tiktok.com/@sxjayx5
24,7455670427764129809,caenhillcc,GO,-1,18,,,Eliza,36,Y,1.00,0,0%,,,5,,,475,"1,018",1,"100,000","99,525",Down,1,,"7,810,856","2,139","1,047",-1,-1,-3,"5,000",0,"5,000",-,0,,?1.60,8,20,0,https://www.tiktok.com/@caenhillcc
13,7500922616144871440,marcusjosephsax,GO,-1,14,,,LA,192,Y,1.00,7,68%,,,12,,,"1,183","2,535",1,"100,000","98,817",Down,1,,"54,454","7,568","7,607",1,2,4,0,0,0,-,0,,?3.99,11,30,0,https://www.tiktok.com/@marcusjosephsax
27,7359136943508291589,harmonicaboy4,GO,-1,17,,,Eliza,30,Y,1.00,2,19%,,,7,,,161,345,1,"100,000","99,839",Down,1,,"79,660",669,457,-1,-1,-3,0,0,0,-,0,,?0.54,8,20,0,https://www.tiktok.com/@harmonicaboy4
29,7439175327164792833,markiza618sagittarius,GO,-1,20,,,Eliza,3,Y,1.00,2,19%,,,4,,,111,238,1,"100,000","99,889",Down,1,,"40,843",830,896,-1,-1,-3,"22,500",0,"22,500",-,0,,?0.37,8,20,0,https://www.tiktok.com/@markiza618sagittarius
32,7359138562056617990,clairewaldo1,GO,-1,11,,,Eliza,0,Y,1.00,0,0%,,,0,,,76,163,1,"100,000","99,924",Down,1,,"8,517","3,062","11,213",-1,-1,-3,"2,000",0,"2,000",-,0,,?0.26,8,20,0,https://www.tiktok.com/@clairewaldo1
34,7454199645766467600,edensedits0,GO,-1,19,,,Eliza,2,Y,1.00,0,0%,,,0,,,61,131,1,"100,000","99,939",Down,1,,"8,503,423",683,19,-1,-1,-3,0,0,0,-,0,,?0.21,8,20,0,https://www.tiktok.com/@edensedits0
18,7555797036826886161,joltik.jrdn,GO,-1,10,@bxxtchb0yy,,Eliza,2,Y,1.00,6,58%,,,18,,,747,"1,601",1,"100,000","99,253",Down,1,,"14,161",334,"1,745",4,3,13,0,0,0,-,0,,?2.52,22,80,0,https://www.tiktok.com/@joltik.jrdn
31,7560597496783716368,ayooothatsdee,GO,1,9,,,Eliza,9,Y,1.00,8,78%,11,3,34,30,-4,86,184,1,"100,000","99,914",-,1,,"26,041",265,155,1,2,9,0,0,0,-,0,,?0.29,11,30,0,https://www.tiktok.com/@ayooothatsdee
26,7433101771305648144,btrbrian,GO,-1,20,,,Eliza,70,Y,1.00,6,58%,,,15,,,369,791,1,"100,000","99,631",Down,1,,"17,207,796","1,069",145,-1,-1,-3,0,0,0,-,0,,?1.25,8,20,0,https://www.tiktok.com/@btrbrian
36,7451058922187669505,dylanrhyswalsh,GO,-1,16,,,,47,Y,1.00,3,29%,,,5,,,44,94,1,"100,000","99,956",Down,1,,690,0,0,-1,-1,-3,0,0,0,-,0,,?0.15,8,20,0,https://www.tiktok.com/@dylanrhyswalsh
39,7463512646000754705,ixxjvsh,GO,-1,18,,,LA,0,Y,1.00,0,0%,,,0,,,30,64,1,"100,000","99,970",Down,1,,"32,870",0,0,-1,-1,-3,0,0,0,-,0,,?0.10,8,20,0,https://www.tiktok.com/@ixxjvsh
25,7514829787777744897,georgeroffeart,GO,-1,13,@georgeroffeart,,Eliza,278,Y,1.00,5,49%,,,20,,,459,984,1,"100,000","99,541",Down,1,,"42,273",276,"1,200",-1,-1,-3,"5,000",0,"4,000",-,0,,?1.55,8,20,0,https://www.tiktok.com/@georgeroffeart
40,7556663150247051265,eviejones3,GO,-1,9,,,Eliza,14,Y,1.00,1,10%,,,2,,,21,45,1,"100,000","99,979",Down,1,,"16,312",202,13,-1,-1,-3,0,0,0,-,0,,?0.07,8,20,0,https://www.tiktok.com/@eviejones3
15,7453824472156782593,reanashaa,GO,-1,19,,,Ruta,33,Y,1.00,0,0%,,,1,,,"1,124","2,409",1,"100,000","98,876",Down,1,,"130,439",15,53,-1,-1,-2,0,0,0,-,0,,?3.79,8,20,0,https://www.tiktok.com/@reanashaa
43,7473114416809050128,allhailsarah,GO,-1,17,,,LA,3,Y,1.00,1,10%,,,3,,,7,15,1,"100,000","99,993",Down,1,,"120,417",0,1,-1,-1,-3,0,0,0,-,0,,?0.02,8,20,0,https://www.tiktok.com/@allhailsarah
48,7539187112411725841,olivercordingley,GO,-1,11,@olivercordingley,,Eliza,72,Y,1.00,1,10%,,,2,,,6,13,1,"100,000","99,994",Down,1,,"784,006",3,0,-1,-1,-3,0,0,0,-,0,,?0.02,8,20,0,https://www.tiktok.com/@olivercordingley
49,7393779588561747985,a.dingles.story,GO,-1,24,@adinglesstory,,Eliza,5,Y,1.00,0,0%,,,0,,,5,11,1,"100,000","99,995",Down,1,,"50,078",334,"1,974",-1,-1,-3,"240,000",0,"101,802",-,0,,?0.02,8,20,0,https://www.tiktok.com/@a.dingles.story
44,7423054473775316993,onitriaz,GO,-1,21,,,LA,74,Y,1.00,8,78%,,,14,,,7,15,1,"100,000","99,993",Down,1,,"804,487",60,0,2,-1,3,"1,000",0,"1,000",-,0,,?0.02,15,40,0,https://www.tiktok.com/@onitriaz
53,7477905644465438737,rosemixing,GO,-1,16,@mixedbyrose_10794,,Eliza,9,Y,1.00,1,10%,,,1,,,4,9,1,"100,000","99,996",Down,1,,"97,010",20,177,-1,-1,-3,"4,500",0,"4,500",-,0,,?0.01,8,20,0,https://www.tiktok.com/@rosemixing
54,7485426339571400720,tashafultonnnnn,GO,-1,16,,,LA,8,Y,1.00,0,0%,,,1,,,4,9,1,"100,000","99,996",Down,1,,"134,352",19,3,-1,-1,-3,0,0,0,-,0,,?0.01,8,20,0,https://www.tiktok.com/@tashafultonnnnn
12,7517579358937300993,barbiedoom,GO,-1,13,@alishafullerrr,,Eliza,99,Y,1.00,1,10%,,,2,,,"2,049","4,391",1,"100,000","97,951",Down,1,,"188,823",341,0,-1,-1,-2,0,0,0,-,0,,?6.92,8,20,0,https://www.tiktok.com/@barbiedoom
50,7466008135627587600,juttbrothers.co,GO,-1,12,,,LA,0,Y,1.00,6,58%,,,15,,,5,11,1,"100,000","99,995",Down,1,,"18,297",8,0,4,1,11,0,0,0,-,0,,?0.02,22,80,0,https://www.tiktok.com/@juttbrothers.co
30,7472352964137762832,ja5m13._,GO,-1,7,,,Eliza,9,Y,1.00,1,10%,,,2,,,110,236,1,"100,000","99,890",Down,1,,"2,958",0,295,-1,-1,-3,0,0,0,-,0,,?0.37,8,20,0,https://www.tiktok.com/@ja5m13._
61,7391802279017332752,shelleofficial1,GO,-1,,@shelle__music,,Eliza,2,Y,1.00,0,0%,,,0,,,2,4,1,"100,000","99,998",Down,1,,"180,931",92,161,-1,-1,-3,"2,000",0,"2,000",-,0,,?0.01,8,20,0,https://www.tiktok.com/@shelleofficial1
38,7486636093568188417,dannybastable,GO,-1,16,,,,0,Y,1.00,0,0%,,,0,,,33,71,1,"100,000","99,967",Down,1,,"6,674",0,0,-1,-1,-3,0,0,0,-,0,,?0.11,8,20,0,https://www.tiktok.com/@dannybastable
61,7491030163065405457,dianamariemummaof3,GO,-1,15,,,LA,1,Y,1.00,0,0%,,,0,,,2,4,1,"100,000","99,998",Down,1,,"55,201",6,0,-1,-1,-3,0,0,0,-,0,,?0.01,8,20,0,https://www.tiktok.com/@dianamariemummaof3
62,7563657409001062416,justpamellaxo,GO,-1,9,@justpamella27,,Eliza,11,Y,1.00,0,0%,,,2,,,1,2,1,"100,000","99,999",Down,1,,"13,172",1,10,-1,-1,-3,0,0,0,-,0,,?0.00,8,20,0,https://www.tiktok.com/@justpamellaxo
63,7574405883812380688,marriedmrsrichards,GO,-1,8,@helsvamp,,Eliza,0,Y,1.00,0,0%,,,0,,,1,2,1,"100,000","99,999",Down,1,,"156,704",5,4,-1,-1,-3,0,0,0,-,0,,?0.00,8,20,0,https://www.tiktok.com/@marriedmrsrichards
66,7359135227828011013,courtneycyrus123,GO,-1,14,@courtneycyrus.,,Eliza,0,Y,1.00,0,0%,,,0,,,0,0,1,"100,000","100,000",Down,1,,"841,362","30,683","65,470",-1,-1,-1,"103,000",0,"73,000",-,0,,?0.00,8,20,0,https://www.tiktok.com/@courtneycyrus123
67,7564701711827435537,godwin_je,GO,-1,9,,,Eliza,0,Y,1.00,0,0%,,,0,,,0,0,1,"100,000","100,000",Down,1,,"8,408,782",410,"13,467",-1,-1,-3,0,0,0,-,0,,?0.00,8,20,0,https://www.tiktok.com/@godwin_je
68,7513287079821000721,thewalkingbusker,GO,-1,13,,,Eliza,0,Y,1.00,0,0%,,,0,,,0,0,1,"100,000","100,000",Down,1,,"55,282","6,794","9,831",1,3,4,0,0,0,-,0,,?0.00,11,30,0,https://www.tiktok.com/@thewalkingbusker
69,7602712379830566913,iiblamecrypto,GO,-1,5,,,Stian,0,Y,1.00,0,0%,,,0,,,0,0,1,"100,000","100,000",Down,1,,"63,670","1,297","6,764",0,2,1,0,0,0,-,0,,?0.00,8,20,0,https://www.tiktok.com/@iiblamecrypto
70,7417432222963187728,sleepyjam14,GO,-1,22,,,Eliza,0,Y,1.00,0,0%,,,0,,,0,0,1,"100,000","100,000",Down,1,,"18,424",0,"3,005",-1,-1,-3,0,0,0,-,0,,?0.00,8,20,0,https://www.tiktok.com/@sleepyjam14
55,7595613235412271121,danielknightley,GO,-1,6,,,Eliza,2,Y,1.00,0,0%,,,0,,,4,9,1,"100,000","99,996",Down,1,,"652,698",10,"2,144",-1,-1,-3,0,0,0,-,0,,?0.01,8,20,0,https://www.tiktok.com/@danielknightley
47,7548763772069003280,kingqueenkemitv,GO,-1,10,@kingqueenkemi,,Eliza,1,Y,1.00,1,10%,,,1,,,6,13,1,"100,000","99,994",Down,1,,"17,120","1,020","2,015",-1,-1,-3,500,0,500,-,0,,?0.02,8,20,0,https://www.tiktok.com/@kingqueenkemitv
71,7599036603755134993,joefranco746,GO,-1,6,,,Eliza,0,Y,1.00,0,0%,,,0,,,0,0,1,"100,000","100,000",Down,1,,489,0,"1,474",-1,1,-1,0,0,0,-,0,,?0.00,8,20,0,https://www.tiktok.com/@joefranco746
51,7484227171913859088,adhdromainsounds,GO,-1,,@adhdromainsounds,,LA,4,Y,1.00,0,0%,,,1,,,5,11,1,"100,000","99,995",Down,1,,"14,917,411",0,"1,360",-1,-1,-3,0,0,0,-,0,,?0.02,8,20,0,https://www.tiktok.com/@adhdromainsounds
48,7457198766941077521,sugarrushsprinkle,GO,-1,18,,,LA,0,Y,1.00,0,0%,,,0,,,6,13,1,"100,000","99,994",Down,1,,"80,755","1,217","1,299",0,-1,-2,"9,500",0,"9,500",-,0,,?0.02,8,20,0,https://www.tiktok.com/@sugarrushsprinkle
72,7536956005125472273,brandonfletchermusic,GO,-1,11,,,Stian,0,Y,1.00,0,0%,,,0,,,0,0,1,"100,000","100,000",Down,1,,"645,686",608,"1,089",-1,-1,-3,0,0,0,-,0,,?0.00,8,20,0,https://www.tiktok.com/@brandonfletchermusic
73,7502051454908203009,sargonapparel,GO,-1,14,@sparkygodcr,,Eliza,0,Y,1.00,0,0%,,,0,,,0,0,1,"100,000","100,000",Down,1,,"280,572",3,955,-1,-1,-3,0,0,0,-,0,,?0.00,8,20,0,https://www.tiktok.com/@sargonapparel
74,7459732425032302609,calmcreatives,GO,-1,,,,LA,0,Y,1.00,0,0%,,,0,,,0,0,1,"100,000","100,000",Down,1,,"32,323",504,953,-1,0,-2,"14,500",0,"14,500",-,0,,?0.00,8,20,0,https://www.tiktok.com/@calmcreatives
75,7477537828491247632,xiro_will_become_famous,GO,-1,,,,Eliza,0,Y,1.00,0,0%,,,0,,,0,0,1,"100,000","100,000",Down,1,,"23,483",1,900,-1,-1,-3,0,0,0,-,0,,?0.00,8,20,0,https://www.tiktok.com/@xiro_will_become_famous
76,7470482714571882513,sophieullyart,GO,-1,17,,,LA,0,Y,1.00,0,0%,,,0,,,0,0,1,"100,000","100,000",Down,1,,"115,181",9,686,-1,-1,-3,0,0,0,-,0,,?0.00,8,20,0,https://www.tiktok.com/@sophieullyart
77,7481214759870676993,majesticmindsets,GO,-1,16,,,Eliza,0,Y,1.00,0,0%,,,0,,,0,0,1,"100,000","100,000",Down,1,,"1,586,069",0,685,-1,-1,-3,0,0,0,-,0,,?0.00,8,20,0,https://www.tiktok.com/@majesticmindsets
58,7545536910274576401,nainzofficial,GO,-1,,,,Eliza,6,Y,1.00,0,0%,,,0,,,3,6,1,"100,000","99,997",Down,1,,"912,723",0,652,-1,-1,-3,0,0,0,-,0,,?0.01,8,20,0,https://www.tiktok.com/@nainzofficial
78,7417178442334191633,dailysleen,GO,-1,22,,,Ruta,4,Y,1.00,1,10%,,,3,,,0,0,1,"100,000","100,000",Down,1,,"334,890",6,401,-1,-1,-3,0,0,0,-,0,,?0.00,8,20,0,https://www.tiktok.com/@dailysleen
64,7455692449789558800,nickthedecorator,GO,-1,18,,,Eliza,4,Y,1.00,0,0%,,,0,,,1,2,1,"100,000","99,999",Down,1,,"3,178,222",6,391,-1,-1,-3,"5,000",0,"5,000",-,0,,?0.00,8,20,0,https://www.tiktok.com/@nickthedecorator
79,7449441407359647745,the.twisted.muse,GO,-1,19,,,LA,0,Y,1.00,0,0%,,,0,,,0,0,1,"100,000","100,000",Down,1,,"273,191",0,303,-1,-1,-3,0,0,0,-,0,,?0.00,8,20,0,https://www.tiktok.com/@the.twisted.muse
80,7584549770518233105,chloelynnbrown,GO,-1,7,@chloelynn2001,,Eliza,0,Y,1.00,0,0%,,,0,,,0,0,1,"100,000","100,000",Down,1,,"30,627",54,254,-1,-1,-3,0,0,0,-,0,,?0.00,8,20,0,https://www.tiktok.com/@chloelynnbrown
81,7448691249156145153,xxxxxholliemaexxxxx,GO,-1,19,,,LA,0,Y,1.00,0,0%,,,0,,,0,0,1,"100,000","100,000",Down,1,,"238,101",0,239,-1,-1,-3,0,0,0,-,0,,?0.00,8,20,0,https://www.tiktok.com/@xxxxxholliemaexxxxx
82,7442064241701699585,itslex_uk,GO,-1,20,,,Eliza,5,Y,1.00,0,0%,,,0,,,0,0,1,"100,000","100,000",Down,1,,"20,167",224,215,-1,-1,-3,0,0,0,-,0,,?0.00,8,20,0,https://www.tiktok.com/@itslex_uk
83,7528159887386509313,ren.shelter,GO,-1,12,,,Eliza,0,Y,1.00,0,0%,,,0,,,0,0,1,"100,000","100,000",Down,1,,"63,292",0,215,-1,-1,-3,0,0,0,-,0,,?0.00,8,20,0,https://www.tiktok.com/@ren.shelter
117,7399908457643687952,hf0901,GO,-1,16,,,LA,0,Y,1.00,1,10%,,,1,,,0,0,1,"100,000","100,000",Down,1,,"107,682",35,210,-1,1,-1,0,0,0,-,0,,?0.00,8,20,0,https://www.tiktok.com/@hf0901
85,7527366978319728641,skyelou19,GO,-1,12,,,Eliza,0,Y,1.00,0,0%,,,0,,,0,0,1,"100,000","100,000",Down,1,,"4,923",0,181,-1,-1,-3,0,0,0,-,0,,?0.00,8,20,0,https://www.tiktok.com/@skyelou19
42,7535449571028189200,simplyracheljack,GO,-1,11,@rachelhack25,,Eliza,2,Y,1.00,1,10%,,,1,,,12,26,1,"100,000","99,988",Down,1,,"257,187",137,161,-1,-1,-3,0,0,0,-,0,,?0.04,8,20,0,https://www.tiktok.com/@simplyracheljack
45,7510159837490151425,crystalbarbiedolly52,GO,-1,14,,,LA,3,Y,1.00,0,0%,,,0,,,7,15,1,"100,000","99,993",Down,1,,"58,940",142,149,-1,-1,-3,0,0,0,-,0,,?0.02,8,20,0,https://www.tiktok.com/@crystalbarbiedolly52
28,7417364405400387600,anka.1100,GO,-1,7,,,Eliza,2,Y,1.00,1,10%,,,2,,,148,317,1,"100,000","99,852",Down,1,,"10,348",282,145,-1,-1,-3,0,0,0,-,0,,?0.50,8,20,0,https://www.tiktok.com/@anka.1100
86,7471238655693275153,the0nlyella_,GO,-1,17,,,LA,3,Y,1.00,0,0%,,,0,,,0,0,1,"100,000","100,000",Down,1,,"1,025,224",322,140,-1,-1,-3,0,0,0,-,0,,?0.00,8,20,0,https://www.tiktok.com/@the0nlyella_
87,7428514488120557585,amzyisthelordsown,GO,-1,,,,Eliza,0,Y,1.00,0,0%,,,0,,,0,0,1,"100,000","100,000",Down,1,,"65,036",75,138,-1,-1,-3,0,0,0,-,0,,?0.00,8,20,0,https://www.tiktok.com/@amzyisthelordsown
56,7570774000566026241,callmelara43,GO,-1,,,,Eliza,1,Y,1.00,0,0%,,,0,,,4,9,1,"100,000","99,996",Down,1,,"48,384",0,133,-1,-1,-3,0,0,0,-,0,,?0.01,8,20,0,https://www.tiktok.com/@callmelara43
88,7491010481055072273,shaunharuk,GO,-1,15,@boxerbeat6783,,LA,7,Y,1.00,0,0%,,,2,,,0,0,1,"100,000","100,000",Down,1,,"14,148",279,122,-1,-1,-3,0,0,0,-,0,,?0.00,8,20,0,https://www.tiktok.com/@shaunharuk
89,7402656225546256400,bethanyyxx1,GO,-1,23,@bethanyyyy0503,,Eliza,0,Y,1.00,0,0%,,,0,,,0,0,1,"100,000","100,000",Down,1,,"30,545",0,100,-1,-1,-3,"18,000",0,"18,000",-,0,,?0.00,8,20,0,https://www.tiktok.com/@bethanyyxx1
128,7472838737081188368,nickgermanacos,GO,-1,17,@icarehowufil,,Eliza,0,Y,1.00,0,0%,,,0,,,0,0,1,"100,000","100,000",Down,1,,"9,097",15,86,-1,-1,-3,0,0,0,-,0,,?0.00,8,20,0,https://www.tiktok.com/@nickgermanacos
91,7480302651985559553,lavinia17x,GO,-1,16,,,LA,0,Y,1.00,0,0%,,,0,,,0,0,1,"100,000","100,000",Down,1,,"7,179",7,76,-1,-1,-3,0,0,0,-,0,,?0.00,8,20,0,https://www.tiktok.com/@lavinia17x
92,7514082817203044369,queenhyiah,GO,-1,13,,,Eliza,0,Y,1.00,0,0%,,,0,,,0,0,1,"100,000","100,000",Down,1,,"10,276",0,65,-1,-1,-3,0,0,0,-,0,,?0.00,8,20,0,https://www.tiktok.com/@queenhyiah
59,7504741588686585872,karlenelee34,GO,-1,14,,,LA,0,Y,1.00,0,0%,,,0,,,3,6,1,"100,000","99,997",Down,1,,"3,545",163,48,-1,-1,-3,0,0,0,-,0,,?0.01,8,20,0,https://www.tiktok.com/@karlenelee34
93,7475469947607580673,sophieliveseyy,GO,-1,17,,,LA,0,Y,1.00,0,0%,,,0,,,0,0,1,"100,000","100,000",Down,1,,"71,257",0,46,-1,-1,-3,0,0,0,-,0,,?0.00,8,20,0,https://www.tiktok.com/@sophieliveseyy
132,7494237972632551425,marky_ttr,GO,-1,,@thundermega47,,Eliza,0,Y,1.00,0,0%,,,0,,,0,0,1,"100,000","100,000",Down,1,,"55,647",441,43,1,-1,0,0,0,0,-,0,,?0.00,11,30,0,https://www.tiktok.com/@marky_ttr
95,7566355620954259457,furryrolvo01,GO,-1,9,@furry_rolvo,,Eliza,0,Y,1.00,0,0%,,,0,,,0,0,1,"100,000","100,000",Down,1,,"21,986",219,40,-1,-1,-3,"1,000",0,"1,000",-,0,,?0.00,8,20,0,https://www.tiktok.com/@furryrolvo01
96,7568562881596456977,k_bl31,GO,-1,8,,,Eliza,0,Y,1.00,0,0%,,,0,,,0,0,1,"100,000","100,000",Down,1,,"325,054",72,38,-1,-1,-3,0,0,0,-,0,,?0.00,8,20,0,https://www.tiktok.com/@k_bl31
97,7592633401816055809,hycenvgc589,GO,-1,6,@ifylove_25697,,Eliza,0,Y,1.00,0,0%,,,0,,,0,0,1,"100,000","100,000",Down,1,,"15,396",0,22,-1,-1,-3,0,0,0,-,0,,?0.00,8,20,0,https://www.tiktok.com/@hycenvgc589
98,7460168652885835777,jayjay224229,GO,-1,18,,,LA,0,Y,1.00,0,0%,,,0,,,0,0,1,"100,000","100,000",Down,1,,"21,880",31,20,-1,-1,-3,0,0,0,-,0,,?0.00,8,20,0,https://www.tiktok.com/@jayjay224229
99,7471262221516095505,ginabutmusical,GO,-1,17,@GLN4A,,Eliza,0,Y,1.00,0,0%,,,0,,,0,0,1,"100,000","100,000",Down,1,,"7,937",27,17,-1,-1,-3,0,0,0,-,0,,?0.00,8,20,0,https://www.tiktok.com/@ginabutmusical
100,7577150753148665872,queenff779,GO,-1,8,,,Eliza,12,Y,1.00,0,0%,,,0,,,0,0,1,"100,000","100,000",Down,1,,"16,717",0,16,-1,-1,-3,0,0,0,-,0,,?0.00,8,20,0,https://www.tiktok.com/@queenff779
101,7425921334225436673,dannystobo,GO,-1,21,@dannystobo,,Ruta,0,Y,1.00,0,0%,,,0,,,0,0,1,"100,000","100,000",Down,1,,"57,565",0,16,-1,-1,-3,"38,000",0,"24,000",-,0,,?0.00,8,20,0,https://www.tiktok.com/@dannystobo
102,7473480041288974352,emma.kate36,GO,-1,17,,,Eliza,0,Y,1.00,0,0%,,,0,,,0,0,1,"100,000","100,000",Down,1,,"30,641",0,16,-1,-1,-3,0,0,0,-,0,,?0.00,8,20,0,https://www.tiktok.com/@emma.kate36
103,7447524120843010064,abstwck,GO,-1,,,,Eliza,0,Y,1.00,0,0%,,,0,,,0,0,1,"100,000","100,000",Down,1,,114,0,15,-1,-1,-3,0,0,0,-,0,,?0.00,8,20,0,https://www.tiktok.com/@abstwck
57,7553587368931065873,melwesty,GO,-1,10,,,Eliza,5,Y,1.00,1,10%,,,2,,,4,9,1,"100,000","99,996",Down,1,,"46,646",14,9,-1,-1,-3,0,0,0,-,0,,?0.01,8,20,0,https://www.tiktok.com/@melwesty
104,7428877005443153936,teaser.cos,GO,-1,21,@teaser.cos,,LA,0,Y,1.00,0,0%,,,0,,,0,0,1,"100,000","100,000",Down,1,,"1,387,548",5,7,-1,-1,-3,0,0,0,-,0,,?0.00,8,20,0,https://www.tiktok.com/@teaser.cos
52,7593357198978236432,harry_mortgage_adviser,GO,-1,6,,,Eliza,36,Y,1.00,1,10%,,,5,,,5,11,1,"100,000","99,995",Down,1,,"131,545",12,7,-1,-1,-3,0,0,0,-,0,,?0.02,8,20,0,https://www.tiktok.com/@harry_mortgage_adviser
33,7502089548202147857,funkendoscoop,GO,-1,14,@llahara,,LA,13,Y,1.00,2,19%,,,5,,,74,159,1,"100,000","99,926",Down,1,,113,661,5,-1,-1,-3,0,0,0,-,0,,?0.25,8,20,0,https://www.tiktok.com/@funkendoscoop
105,7556371649344323601,gulabo1127,GO,-1,9,,,Eliza,0,Y,1.00,0,0%,,,0,,,0,0,1,"100,000","100,000",Down,1,,"11,816",0,4,-1,-1,-3,0,0,0,-,0,,?0.00,8,20,0,https://www.tiktok.com/@gulabo1127
106,7503885234585337872,sophieferiani,GO,-1,14,,,Eliza,0,Y,1.00,0,0%,,,0,,,0,0,1,"100,000","100,000",Down,1,,"2,692,810",0,4,-1,-1,-3,0,0,0,-,0,,?0.00,8,20,0,https://www.tiktok.com/@sophieferiani
107,7618692374247686145,maiahewardmills,GO,-1,4,,,Eliza,0,Y,1.00,0,0%,,,0,,,0,0,1,"100,000","100,000",Down,1,,"1,923,442",37,4,-1,-1,-3,0,0,0,-,0,,?0.00,8,20,0,https://www.tiktok.com/@maiahewardmills
108,7553605391222046737,darlington_live,GO,-1,10,@darlington_live_03262,,Eliza,0,Y,1.00,0,0%,,,0,,,0,0,1,"100,000","100,000",Down,1,,"91,180",0,3,-1,-1,-3,0,0,0,-,0,,?0.00,8,20,0,https://www.tiktok.com/@darlington_live
109,7468347099382579217,miss_leigh_ding,GO,-1,17,@miss.leigh.ding,,Eliza,0,Y,1.00,0,0%,,,0,,,0,0,1,"100,000","100,000",Down,1,,"591,052",0,3,-1,-1,-3,0,0,0,-,0,,?0.00,8,20,0,https://www.tiktok.com/@miss_leigh_ding
110,7522547802002472976,jackcampbell_live,GO,-1,12,@jackcampbell_,,Stian,0,Y,1.00,0,0%,,,0,,,0,0,1,"100,000","100,000",Down,1,,"5,269",22,2,-1,-1,-3,0,0,0,-,0,,?0.00,8,20,0,https://www.tiktok.com/@jackcampbell_live
111,7466130610474663953,dominob2k3official,GO,-1,18,,,Eliza,0,Y,1.00,0,0%,,,0,,,0,0,1,"100,000","100,000",Down,1,,"39,588",0,2,-1,-1,-3,0,0,0,-,0,,?0.00,8,20,0,https://www.tiktok.com/@dominob2k3official
112,7442328318726291472,layla.ss03,GO,-1,20,,,Ruta,0,Y,1.00,0,0%,,,0,,,0,0,1,"100,000","100,000",Down,1,,"25,588",0,1,-1,-1,-3,0,0,0,-,0,,?0.00,8,20,0,https://www.tiktok.com/@layla.ss03
113,7476484646549585921,kacy_bell,GO,-1,17,,,LA,0,Y,1.00,0,0%,,,0,,,0,0,1,"100,000","100,000",Down,1,,"7,216",0,1,-1,-1,-3,0,0,0,-,0,,?0.00,8,20,0,https://www.tiktok.com/@kacy_bell
114,7594117292531826705,emspencer2002,GO,-1,6,,,Eliza,0,Y,1.00,0,0%,,,0,,,0,0,1,"100,000","100,000",Down,1,,"461,040",0,1,-1,-1,-3,0,0,0,-,0,,?0.00,8,20,0,https://www.tiktok.com/@emspencer2002
115,7451696074924015632,cristinacarryon,GO,-1,19,,,Ruta,0,Y,1.00,0,0%,,,0,,,0,0,1,"100,000","100,000",Down,1,,"914,775",486,0,-1,-1,-3,0,0,0,-,0,,?0.00,8,20,0,https://www.tiktok.com/@cristinacarryon
116,7425948630030385169,cptnmels,GO,-1,21,,,Eliza,0,Y,1.00,0,0%,,,0,,,0,0,1,"100,000","100,000",Down,1,,"5,132,357",2,0,-1,-1,-3,0,0,0,-,0,,?0.00,8,20,0,https://www.tiktok.com/@cptnmels
117,7435227794231017473,onomushi,GO,-1,20,,,Eliza,0,N,1.00,0,0%,,,0,,,0,0,1,"100,000","100,000",Down,1,,"3,187",0,0,-1,-1,-3,"6,000",0,"6,000",-,0,,?0.00,8,20,0,https://www.tiktok.com/@onomushi
118,7405122753059242000,the.jaynathan,GO,-1,,@j2shady,,Eliza,0,N,1.00,0,0%,,,0,,,0,0,1,"100,000","100,000",Down,1,,"4,337",0,0,-1,-1,-3,"6,000",0,"6,000",-,0,,?0.00,8,20,0,https://www.tiktok.com/@the.jaynathan
162,7478721150844059649,lozzap1230,GO,-1,16,,,LA,0,Y,1.00,0,0%,,,0,,,0,0,1,"100,000","100,000",Down,1,,"15,002",3,0,-1,-1,-3,0,0,0,-,0,,?0.00,8,20,0,https://www.tiktok.com/@lozzap1230
120,7561125988000776209,stefanisweetheart,GO,-1,9,@stefaniroseofficial,,Eliza,0,N,1.00,0,0%,,,0,,,0,0,1,"100,000","100,000",Down,1,,"99,889",0,0,-1,-1,-3,0,0,0,-,0,,?0.00,8,20,0,https://www.tiktok.com/@stefanisweetheart
121,7409752177004036113,_rachelcolton,GO,-1,22,@findingrache1,,Eliza,0,N,1.00,0,0%,,,0,,,0,0,1,"100,000","100,000",Down,1,,"18,662",0,0,-1,-1,-3,"32,000",0,"24,000",-,0,,?0.00,8,20,0,https://www.tiktok.com/@_rachelcolton
122,7551850429613817873,finalclash3161,GO,-1,10,@finalclash3161,,Eliza,0,N,1.00,0,0%,,,0,,,0,0,1,"100,000","100,000",Down,1,,"5,230,887",0,0,-1,-1,-3,0,0,0,-,0,,?0.00,8,20,0,https://www.tiktok.com/@finalclash3161
123,7517771065578340368,cabquiz,GO,-1,,,,Stian,0,N,1.00,0,0%,,,0,,,0,0,1,"100,000","100,000",Down,1,,"3,478,571",0,0,-1,-1,-3,0,0,0,-,0,,?0.00,8,20,0,https://www.tiktok.com/@cabquiz
124,7567315677682417681,l0la.ugc,GO,-1,9,@l0laugc,,Eliza,0,N,1.00,0,0%,,,0,,,0,0,1,"100,000","100,000",Down,1,,"14,370",0,0,-1,-1,-3,0,0,0,-,0,,?0.00,8,20,0,https://www.tiktok.com/@l0la.ugc
41,7538398513735139344,princetonishere,GO,-1,11,@iamprinceton,,Eliza,0,Y,1.00,0,0%,,,0,,,15,32,1,"100,000","99,985",Down,1,,"97,291",0,0,-1,-1,-3,0,0,0,-,0,,?0.05,8,20,0,https://www.tiktok.com/@princetonishere
125,7498730913577205761,ibz.2.0,GO,-1,15,,,Eliza,0,N,1.00,0,0%,,,0,,,0,0,1,"100,000","100,000",Down,1,,"280,911",0,0,-1,-1,-3,0,0,0,-,0,,?0.00,8,20,0,https://www.tiktok.com/@ibz.2.0
126,7527366978319794177,aliceorlik,GO,-1,12,@aliceorlik,,Eliza,0,N,1.00,0,0%,,,0,,,0,0,1,"100,000","100,000",Down,1,,"2,355",0,0,-1,-1,-3,0,0,0,-,0,,?0.00,8,20,0,https://www.tiktok.com/@aliceorlik
127,7469080134004277265,aneelmusic,GO,-1,,,,Eliza,0,N,1.00,0,0%,,,0,,,0,0,1,"100,000","100,000",Down,1,,"18,328",0,0,-1,-1,-3,0,0,0,-,0,,?0.00,8,20,0,https://www.tiktok.com/@aneelmusic
128,7368785047207297041,mrsscarphace,GO,-1,9,,,Eliza,0,N,1.00,0,0%,,,0,,,0,0,1,"100,000","100,000",Down,1,,"4,195",0,0,-1,-1,-3,0,0,0,-,0,,?0.00,8,20,0,https://www.tiktok.com/@mrsscarphace
129,7488685963074551824,impinkiexpink,GO,-1,15,@queen.pinkie,,LA,0,N,1.00,0,0%,,,0,,,0,0,1,"100,000","100,000",Down,1,,"15,871",0,0,-1,-1,-3,0,0,0,-,0,,?0.00,8,20,0,https://www.tiktok.com/@impinkiexpink
130,7564511124448821249,i.ff.y,GO,-1,9,,,Eliza,0,N,1.00,0,0%,,,0,,,0,0,1,"100,000","100,000",Down,1,,"1,795",0,0,-1,-1,-3,0,0,0,-,0,,?0.00,8,20,0,https://www.tiktok.com/@i.ff.y
131,7535580367592603649,fee_unique,GO,-1,11,,,Eliza,0,N,1.00,0,0%,,,0,,,0,0,1,"100,000","100,000",Down,1,,"27,589",0,0,-1,-1,-3,0,0,0,-,0,,?0.00,8,20,0,https://www.tiktok.com/@fee_unique
37,7448553021497360400,sera_wynn,GO,-1,17,@squish840787,,LA,1,Y,1.00,0,0%,,,0,,,42,90,1,"100,000","99,958",Down,1,,"172,665",1,0,-1,-1,-3,0,0,0,-,0,,?0.14,8,20,0,https://www.tiktok.com/@sera_wynn
132,7550323329664581633,naomimarie20001,GO,-1,,,,Eliza,0,N,1.00,0,0%,,,0,,,0,0,1,"100,000","100,000",Down,1,,"14,218",0,0,-1,-1,-3,0,0,0,-,0,,?0.00,8,20,0,https://www.tiktok.com/@naomimarie20001
133,7378871247721250833,epicplaysgtytt,GO,-1,8,,,Eliza,0,Y,1.00,0,0%,,,0,,,0,0,1,"100,000","100,000",Down,1,,500,"1,388",0,-1,-1,-3,0,0,0,-,0,,?0.00,8,20,0,https://www.tiktok.com/@epicplaysgtytt
134,7422607140935958545,pixiefolds,GO,-1,21,,,Eliza,0,Y,1.00,0,0%,,,0,,,0,0,1,"100,000","100,000",Down,1,,"278,802",63,0,-1,-1,-3,0,0,0,-,0,,?0.00,8,20,0,https://www.tiktok.com/@pixiefolds
135,7417810182169903121,isangeluractualname,GO,-1,22,@angel_may_1212,,Eliza,0,Y,1.00,0,0%,,,0,,,0,0,1,"100,000","100,000",Down,1,,"253,372",212,0,-1,-1,-3,0,0,0,-,0,,?0.00,8,20,0,https://www.tiktok.com/@isangeluractualname
136,7530326141916217361,summermcgreavy21,GO,-1,12,@summer21,,LA,0,N,1.00,0,0%,,,0,,,0,0,1,"100,000","100,000",Down,1,,"11,322",0,0,-1,-1,-3,0,0,0,-,0,,?0.00,8,20,0,https://www.tiktok.com/@summermcgreavy21
137,7484287482352418833,enforcerrr_,GO,-1,,@dark.enforcer,,Eliza,0,N,1.00,0,0%,,,0,,,0,0,1,"100,000","100,000",Down,1,,"102,843",0,0,-1,-1,-3,0,0,0,-,0,,?0.00,8,20,0,https://www.tiktok.com/@enforcerrr_
138,7400684526520827921,georgie043,GO,-1,23,@georgie043,,Eliza,0,Y,1.00,0,0%,,,0,,,0,0,1,"100,000","100,000",Down,1,,"40,235",17,0,-1,-1,-3,"1,500",0,"1,500",-,0,,?0.00,8,20,0,https://www.tiktok.com/@georgie043
139,7428124624082206736,socillaa,GO,-1,21,,,Eliza,0,N,1.00,0,0%,,,0,,,0,0,1,"100,000","100,000",Down,1,,0,0,0,-1,-1,-3,0,0,0,-,0,,?0.00,8,20,0,https://www.tiktok.com/@socillaa
140,7408512779071782913,robert_artus,GO,-1,23,,,Eliza,0,Y,1.00,0,0%,,,0,,,0,0,1,"100,000","100,000",Down,1,,"70,583",90,0,-1,-1,-3,0,0,0,-,0,,?0.00,8,20,0,https://www.tiktok.com/@robert_artus
212,7438337214876188673,mark.maxwell_,GO,-1,20,,,Eliza,0,Y,1.00,0,0%,,,0,,,0,0,1,"100,000","100,000",Down,1,,"16,804,880",7,0,-1,-1,-3,0,0,0,-,0,,?0.00,8,20,0,https://www.tiktok.com/@mark.maxwell_
142,7568995783140491281,that_kerryberry,GO,-1,8,@freverindahouse,,Eliza,0,N,1.00,0,0%,,,0,,,0,0,1,"100,000","100,000",Down,1,,"34,829",0,0,-1,-1,-3,0,0,0,-,0,,?0.00,8,20,0,https://www.tiktok.com/@that_kerryberry
143,7526953878961733649,levm__1,GO,-1,12,,,Eliza,0,N,1.00,0,0%,,,0,,,0,0,1,"100,000","100,000",Down,1,,"47,563",0,0,-1,-1,-3,0,0,0,-,0,,?0.00,8,20,0,https://www.tiktok.com/@levm__1
144,7406067026885607425,elliecheesmanx,GO,-1,,,,Eliza,0,N,1.00,0,0%,,,0,,,0,0,1,"100,000","100,000",Down,1,,"698,872",0,0,-1,-1,-3,0,0,0,-,0,,?0.00,8,20,0,https://www.tiktok.com/@elliecheesmanx
145,7410046110045290497,niyaneeporter,GO,-1,22,@niyanee,,Eliza,0,Y,1.00,0,0%,,,0,,,0,0,1,"100,000","100,000",Down,1,,"77,106",31,0,-1,-1,-3,"6,000",0,"6,000",-,0,,?0.00,8,20,0,https://www.tiktok.com/@niyaneeporter
146,7423723599179087889,metalheadjames2005,GO,-1,21,,,Eliza,0,N,1.00,0,0%,,,0,,,0,0,1,"100,000","100,000",Down,1,,"1,690,604",0,0,-1,-1,-3,0,0,0,-,0,,?0.00,8,20,0,https://www.tiktok.com/@metalheadjames2005
147,7522845711688417296,sophie_mu5ic,GO,-1,12,,,Eliza,0,N,1.00,0,0%,,,0,,,0,0,1,"100,000","100,000",Down,1,,"7,187",0,0,-1,-1,-3,0,0,0,-,0,,?0.00,8,20,0,https://www.tiktok.com/@sophie_mu5ic
148,7528150846060904449,ruta_labrence,GO,-1,12,,,Ruta,0,N,1.00,0,0%,,,0,,,0,0,1,"100,000","100,000",Down,1,,369,0,0,-1,-1,-3,0,0,0,-,0,,?0.00,8,20,0,https://www.tiktok.com/@ruta_labrence
149,7549931958965501953,bethjonesxx20,GO,-1,10,,,Eliza,0,N,1.00,0,0%,,,0,,,0,0,1,"100,000","100,000",Down,1,,383,0,0,-1,-1,-3,0,0,0,-,0,,?0.00,8,20,0,https://www.tiktok.com/@bethjonesxx20
150,7416802326213705744,kyrst_xox,GO,-1,22,,,Eliza,0,N,1.00,0,0%,,,0,,,0,0,1,"100,000","100,000",Down,1,,"27,014",0,0,-1,-1,-3,0,0,0,-,0,,?0.00,8,20,0,https://www.tiktok.com/@kyrst_xox
151,7408848025604489232,thegreyeyecastle,GO,-1,,@fredrick0981,,Eliza,3,N,1.00,0,0%,,,2,,,0,0,1,"100,000","100,000",Down,1,,"1,389,990",0,0,-1,-1,-3,0,0,0,-,0,,?0.00,8,20,0,https://www.tiktok.com/@thegreyeyecastle
178,7485804261184585745,leonjoullie,GO,-1,16,@leonjoullie_,,Eliza,1,N,1.00,0,0%,,,0,,,0,0,1,"100,000","100,000",Down,1,,"21,276",0,0,-1,-1,-3,0,0,0,-,0,,?0.00,8,20,0,https://www.tiktok.com/@leonjoullie
35,7499232263918354449,theresonly0neme,GO,-1,,,,Eliza,47,Y,1.00,2,19%,,,4,,,50,107,1,"100,000","99,950",Down,1,,"6,905",0,0,-1,-1,-3,0,0,0,-,0,,?0.17,8,20,0,https://www.tiktok.com/@theresonly0neme
153,7507306775658430481,shan.ali86816,GO,-1,14,,,LA,0,N,1.00,0,0%,,,0,,,0,0,1,"100,000","100,000",Down,1,,"21,490",0,0,-1,-1,-3,0,0,0,-,0,,?0.00,8,20,0,https://www.tiktok.com/@shan.ali86816
154,7515518744345706497,rob_officialmusic,GO,-1,13,,,Eliza,0,Y,1.00,0,0%,,,0,,,0,0,1,"100,000","100,000",Down,1,,"60,705",505,0,-1,-1,-3,0,0,0,-,0,,?0.00,8,20,0,https://www.tiktok.com/@rob_officialmusic
155,7504649494814834704,kiwifruits25,GO,-1,14,,,Eliza,0,N,1.00,0,0%,,,0,,,0,0,1,"100,000","100,000",Down,1,,381,0,0,-1,-1,-3,0,0,0,-,0,,?0.00,8,20,0,https://www.tiktok.com/@kiwifruits25
156,7565951296805552145,nichols.skye,GO,-1,9,,,Eliza,0,N,1.00,0,0%,,,0,,,0,0,1,"100,000","100,000",Down,1,,"9,430",0,0,-1,-1,-3,0,0,0,-,0,,?0.00,8,20,0,https://www.tiktok.com/@nichols.skye
157,7569676884745650192,nottz_dan75,GO,-1,8,,,Eliza,0,N,1.00,0,0%,,,0,,,0,0,1,"100,000","100,000",Down,1,,"35,881",0,0,-1,-1,-3,0,0,0,-,0,,?0.00,8,20,0,https://www.tiktok.com/@nottz_dan75
158,7568637805337804801,classiclady007,GO,-1,8,@classiclady_,,Eliza,0,N,1.00,0,0%,,,0,,,0,0,1,"100,000","100,000",Down,1,,"32,514",0,0,-1,-1,-3,0,0,0,-,0,,?0.00,8,20,0,https://www.tiktok.com/@classiclady007
159,7455367452050898960,jadeemmacoles_creates,GO,-1,18,@jadewellbeing,,Eliza,0,N,1.00,0,0%,,,0,,,0,0,1,"100,000","100,000",Down,1,,"51,318",0,0,-1,-1,-3,0,0,0,-,0,,?0.00,8,20,0,https://www.tiktok.com/@jadeemmacoles_creates
160,7468418987521769489,kairichardson,GO,-1,17,,,Eliza,0,N,1.00,0,0%,,,0,,,0,0,1,"100,000","100,000",Down,1,,"1,561,522",0,0,-1,-1,-3,0,0,0,-,0,,?0.00,8,20,0,https://www.tiktok.com/@kairichardson
161,7462761912619565057,jordijeffersonxx,GO,-1,18,,,LA,0,N,1.00,0,0%,,,0,,,0,0,1,"100,000","100,000",Down,1,,"25,186",0,0,-1,-1,-3,0,0,0,-,0,,?0.00,8,20,0,https://www.tiktok.com/@jordijeffersonxx
162,7426045730701443073,pokerzelquid,GO,-1,21,@toonpiano.,,LA,0,N,1.00,0,0%,,,0,,,0,0,1,"100,000","100,000",Down,1,,"4,642,458",0,0,-1,-1,-3,0,0,0,-,0,,?0.00,8,20,0,https://www.tiktok.com/@pokerzelquid
163,7498801981813719057,eilidhhamiltonmusic,GO,-1,15,@eilidhhamilton,,Eliza,0,N,1.00,0,0%,,,0,,,0,0,1,"100,000","100,000",Down,1,,"70,552",0,0,-1,-1,-3,0,0,0,-,0,,?0.00,8,20,0,https://www.tiktok.com/@eilidhhamiltonmusic
164,7563829941486485521,nataliebarbour123,GO,-1,9,,,Eliza,0,N,1.00,0,0%,,,0,,,0,0,1,"100,000","100,000",Down,1,,"182,451",0,0,-1,-1,-3,0,0,0,-,0,,?0.00,8,20,0,https://www.tiktok.com/@nataliebarbour123
165,7414050395313553409,nannyxxxxx,GO,-1,9,,,Eliza,0,N,1.00,0,0%,,,0,,,0,0,1,"100,000","100,000",Down,1,,"4,443",0,0,-1,-1,-3,0,0,0,-,0,,?0.00,8,20,0,https://www.tiktok.com/@nannyxxxxx
166,7544868535990992912,yxngjxss,GO,-1,,,,Eliza,0,N,1.00,0,0%,,,0,,,0,0,1,"100,000","100,000",Down,1,,"2,490",0,0,-1,-1,-3,0,0,0,-,0,,?0.00,8,20,0,https://www.tiktok.com/@yxngjxss
232,7538942500367810561,vedo.ink,GO,-1,11,@riixeve,,LA,0,N,1.00,0,0%,,,0,,,0,0,1,"100,000","100,000",Down,1,,"3,825",0,0,-1,-1,-3,0,0,0,-,0,,?0.00,8,20,0,https://www.tiktok.com/@vedo.ink
168,7397809096700739601,rihannamoore00,GO,-1,11,,,LA,0,N,1.00,0,0%,,,0,,,0,0,1,"100,000","100,000",Down,1,,"72,518",0,0,-1,-1,-3,0,0,0,-,0,,?0.00,8,20,0,https://www.tiktok.com/@rihannamoore00
169,7529624680731492369,k.a.y0x,GO,-1,12,,,LA,0,N,1.00,0,0%,,,0,,,0,0,1,"100,000","100,000",Down,1,,"1,653",0,0,-1,-1,-3,0,0,0,-,0,,?0.00,8,20,0,https://www.tiktok.com/@k.a.y0x
170,7524074267642806289,elusivewormm,GO,-1,12,@elusivewormm,,Eliza,0,N,1.00,0,0%,,,0,,,0,0,1,"100,000","100,000",Down,1,,"2,545,959",0,0,-1,-1,-3,"1,000",0,"1,000",-,0,,?0.00,8,20,0,https://www.tiktok.com/@elusivewormm
171,7421792304551428097,kayjay072,GO,-1,13,,,Eliza,0,N,1.00,0,0%,,,0,,,0,0,1,"100,000","100,000",Down,1,,"5,482",0,0,-1,-1,-3,0,0,0,-,0,,?0.00,8,20,0,https://www.tiktok.com/@kayjay072
172,7506615146626744337,layla.may0019,GO,-1,14,,,Eliza,0,N,1.00,0,0%,,,0,,,0,0,1,"100,000","100,000",Down,1,,159,0,0,-1,-1,-3,0,0,0,-,0,,?0.00,8,20,0,https://www.tiktok.com/@layla.may0019
173,7506233568432177153,busdude1997,GO,-1,14,@matmoo21,,LA,0,N,1.00,0,0%,,,0,,,0,0,1,"100,000","100,000",Down,1,,"49,415",0,0,-1,-1,-3,0,0,0,-,0,,?0.00,8,20,0,https://www.tiktok.com/@busdude1997
174,7503896906620436496,derekshowman,GO,-1,14,@derekshowman,,Eliza,0,N,1.00,0,0%,,,0,,,0,0,1,"100,000","100,000",Down,1,,"1,512",0,0,-1,-1,-3,0,0,0,-,0,,?0.00,8,20,0,https://www.tiktok.com/@derekshowman
175,7502411960248664080,retrodarlington,GO,-1,14,@retrodarlington,,LA,0,N,1.00,0,0%,,,0,,,0,0,1,"100,000","100,000",Down,1,,58,0,0,-1,-1,-3,0,0,0,-,0,,?0.00,8,20,0,https://www.tiktok.com/@retrodarlington
176,7408100477667409937,canio2002,GO,-1,23,@ytcanio,,Eliza,0,N,1.00,0,0%,,,0,,,0,0,1,"100,000","100,000",Down,1,,"469,035",0,0,-1,-1,-3,0,0,0,-,0,,?0.00,8,20,0,https://www.tiktok.com/@canio2002
177,7497588087434854417,alex_m1204,GO,-1,15,,,LA,0,N,1.00,0,0%,,,0,,,0,0,1,"100,000","100,000",Down,1,,"383,824",0,0,-1,-1,-3,0,0,0,-,0,,?0.00,8,20,0,https://www.tiktok.com/@alex_m1204
178,7424139547493187600,vitatevmv,GO,-1,21,,,LA,0,N,1.00,0,0%,,,0,,,0,0,1,"100,000","100,000",Down,1,,"66,312",0,0,-1,-1,-3,0,0,0,-,0,,?0.00,8,20,0,https://www.tiktok.com/@vitatevmv
179,7435672049990828048,444.jemima,GO,-1,20,,,Eliza,0,Y,1.00,0,0%,,,0,,,0,0,1,"100,000","100,000",Down,1,,"120,608",43,0,-1,-1,-3,0,0,0,-,0,,?0.00,8,20,0,https://www.tiktok.com/@444.jemima
180,7455241678698446864,dacepiano,GO,-1,18,,,Eliza,0,N,1.00,0,0%,,,0,,,0,0,1,"100,000","100,000",Down,1,,75,0,0,-1,-1,-3,0,0,0,-,0,,?0.00,8,20,0,https://www.tiktok.com/@dacepiano
181,7468315537802723329,eddie_the_expeditor,GO,-1,17,@gen_flashbang,,Eliza,0,N,1.00,0,0%,,,0,,,0,0,1,"100,000","100,000",Down,1,,496,0,0,-1,-1,-3,0,0,0,-,0,,?0.00,8,20,0,https://www.tiktok.com/@eddie_the_expeditor
182,7397732008249819152,l0laxx008,GO,-1,,,,Eliza,0,N,1.00,0,0%,,,0,,,0,0,1,"100,000","100,000",Down,1,,0,0,0,-1,-1,-3,0,0,0,-,0,,?0.00,8,20,0,https://www.tiktok.com/@l0laxx008
183,7424058272434520081,wotr.music,GO,-1,21,@WrenOTR,,Eliza,0,N,1.00,0,0%,,,0,,,0,0,1,"100,000","100,000",Down,1,,"214,229",0,0,-1,-1,-3,0,0,0,-,0,,?0.00,8,20,0,https://www.tiktok.com/@wotr.music
184,7424040283895201809,thebrozone3,GO,-1,21,@belchyhacks,,Eliza,0,N,1.00,0,0%,,,0,,,0,0,1,"100,000","100,000",Down,1,,"6,433",0,0,-1,-1,-3,"3,000",0,"3,000",-,0,,?0.00,8,20,0,https://www.tiktok.com/@thebrozone3
185,7425932647450378257,chloemoran22,GO,-1,21,,,Eliza,0,N,1.00,0,0%,,,0,,,0,0,1,"100,000","100,000",Down,1,,0,0,0,-1,-1,-3,0,0,0,-,0,,?0.00,8,20,0,https://www.tiktok.com/@chloemoran22
186,7359138398755389445,vgxillusion05,GO,-1,18,,,LA,0,Y,1.00,0,0%,,,0,,,0,0,1,"100,000","100,000",Down,1,,"3,646",145,0,-1,-1,-3,0,0,0,-,0,,?0.00,8,20,0,https://www.tiktok.com/@vgxillusion05
187,7467981968244785168,shannonsmythxoxo,GO,-1,17,,,LA,0,N,1.00,0,0%,,,0,,,0,0,1,"100,000","100,000",Down,1,,"61,742",0,0,-1,-1,-3,0,0,0,-,0,,?0.00,8,20,0,https://www.tiktok.com/@shannonsmythxoxo
245,7468792632563597313,danigirl0690,GO,-1,,,,Eliza,0,N,1.00,0,0%,,,0,,,0,0,1,"100,000","100,000",Down,1,,"2,689",0,0,-1,-1,-3,0,0,0,-,0,,?0.00,8,20,0,https://www.tiktok.com/@danigirl0690
189,7480905683680968705,helenaerm,GO,-1,16,,,Eliza,0,N,1.00,0,0%,,,0,,,0,0,1,"100,000","100,000",Down,1,,"2,208",0,0,-1,-1,-3,0,0,0,-,0,,?0.00,8,20,0,https://www.tiktok.com/@helenaerm
190,7388859956205731841,katiegracemusic,GO,-1,24,,,Eliza,0,N,1.00,0,0%,,,0,,,0,0,1,"100,000","100,000",Down,1,,"54,791",0,0,-1,-1,-3,"13,000",0,"13,000",-,0,,?0.00,8,20,0,https://www.tiktok.com/@katiegracemusic
191,7359139055218622469,peapanic,GO,-1,21,,,Eliza,0,N,1.00,0,0%,,,0,,,0,0,1,"100,000","100,000",Down,1,,"1,814,411",0,0,-1,-1,-3,0,0,0,-,0,,?0.00,8,20,0,https://www.tiktok.com/@peapanic
192,7432578492514074640,hey.itskatie,GO,-1,20,,,Eliza,4,Y,1.00,0,0%,,,0,,,0,0,1,"100,000","100,000",Down,1,,"34,744",28,0,-1,-1,-3,0,0,0,-,0,,?0.00,8,20,0,https://www.tiktok.com/@hey.itskatie
221,7397017795688644609,els_russell,GO,-1,24,@els5558,,Eliza,0,N,1.00,0,0%,,,0,,,0,0,1,"100,000","100,000",Down,1,,"24,421",0,0,-1,-1,-3,0,0,0,-,0,,?0.00,8,20,0,https://www.tiktok.com/@els_russell
194,7438725973136211969,xciaradorrxngtx,GO,-1,20,,,LA,0,N,1.00,0,0%,,,0,,,0,0,1,"100,000","100,000",Down,1,,"2,485,401",0,0,-1,-1,-3,0,0,0,-,0,,?0.00,8,20,0,https://www.tiktok.com/@xciaradorrxngtx
195,7408135721783050257,mintyottilie,GO,-1,23,@mintyottilie,,Eliza,0,N,1.00,0,0%,,,0,,,0,0,1,"100,000","100,000",Down,1,,"794,718",0,0,-1,-1,-3,0,0,0,-,0,,?0.00,8,20,0,https://www.tiktok.com/@mintyottilie
196,7440180299855724545,rickeelaa,GO,-1,20,,,LA,0,N,1.00,0,0%,,,0,,,0,0,1,"100,000","100,000",Down,1,,"35,585",0,0,-1,-1,-3,0,0,0,-,0,,?0.00,8,20,0,https://www.tiktok.com/@rickeelaa
197,7425264625639424017,demijanefinch,GO,-1,,,,Eliza,0,N,1.00,0,0%,,,0,,,0,0,1,"100,000","100,000",Down,1,,"656,414",0,0,-1,-1,-3,0,0,0,-,0,,?0.00,8,20,0,https://www.tiktok.com/@demijanefinch
198,7461005713800937488,girlandhercamera,GO,-1,18,@katielaurenly_88870,,LA,0,N,1.00,0,0%,,,0,,,0,0,1,"100,000","100,000",Down,1,,"134,495",0,0,-1,-1,-3,0,0,0,-,0,,?0.00,8,20,0,https://www.tiktok.com/@girlandhercamera
199,7433385818175307792,ballersfindaway,GO,-1,20,,,Eliza,0,N,1.00,0,0%,,,0,,,0,0,1,"100,000","100,000",Down,1,,"13,331,644",0,0,-1,-1,-3,0,0,0,-,0,,?0.00,8,20,0,https://www.tiktok.com/@ballersfindaway
200,7397351648143786000,kizbozz,GO,-1,24,,,Eliza,0,N,1.00,0,0%,,,0,,,0,0,1,"100,000","100,000",Down,1,,"2,792",0,0,-1,-1,-3,0,0,0,-,0,,?0.00,8,20,0,https://www.tiktok.com/@kizbozz
201,7452140771358064657,stephanie29official,GO,-1,19,,,Ruta,0,N,1.00,0,0%,,,0,,,0,0,1,"100,000","100,000",Down,1,,182,0,0,-1,-1,-3,0,0,0,-,0,,?0.00,8,20,0,https://www.tiktok.com/@stephanie29official
202,7431220176319922192,jessicarosepwd,GO,-1,21,,,Ruta,0,N,1.00,0,0%,,,0,,,0,0,1,"100,000","100,000",Down,1,,"8,060",0,0,-1,-1,-3,0,0,0,-,0,,?0.00,8,20,0,https://www.tiktok.com/@jessicarosepwd
203,7433057645420118032,ispydeadshot,GO,-1,20,@ruebenf,,Ruta,0,N,1.00,0,0%,,,0,,,0,0,1,"100,000","100,000",Down,1,,"8,510,370",0,0,-1,-1,-3,0,0,0,-,0,,?0.00,8,20,0,https://www.tiktok.com/@ispydeadshot
204,7462792926553391121,jadeanderson17,GO,-1,18,,,Eliza,0,N,1.00,0,0%,,,0,,,0,0,1,"100,000","100,000",Down,1,,"7,767",0,0,-1,-1,-3,0,0,0,-,0,,?0.00,8,20,0,https://www.tiktok.com/@jadeanderson17
205,7459849283098050561,gaillewis7,GO,-1,18,@gail018913,,LA,0,N,1.00,0,0%,,,0,,,0,0,1,"100,000","100,000",Down,1,,"15,797",0,0,-1,-1,-3,0,0,0,-,0,,?0.00,8,20,0,https://www.tiktok.com/@gaillewis7
206,7460884353250476049,rosiejaynerose,GO,-1,18,,,LA,0,N,1.00,0,0%,,,0,,,0,0,1,"100,000","100,000",Down,1,,"3,670",0,0,-1,-1,-3,0,0,0,-,0,,?0.00,8,20,0,https://www.tiktok.com/@rosiejaynerose
207,7437812980793868304,cosyhome_ed,GO,-1,20,,,Eliza,0,N,1.00,0,0%,,,0,,,0,0,1,"100,000","100,000",Down,1,,"238,057",0,0,-1,-1,-3,0,0,0,-,0,,?0.00,8,20,0,https://www.tiktok.com/@cosyhome_ed
208,7381393588564803585,georgiaem23,GO,-1,18,,,LA,0,N,1.00,0,0%,,,0,,,0,0,1,"100,000","100,000",Down,1,,"1,144,802",0,0,-1,-1,-3,0,0,0,-,0,,?0.00,8,20,0,https://www.tiktok.com/@georgiaem23
209,7423964681326575632,shuvyluvy,GO,-1,21,,,Eliza,0,N,1.00,0,0%,,,0,,,0,0,1,"100,000","100,000",Down,1,,"139,371",0,0,-1,-1,-3,0,0,0,-,0,,?0.00,8,20,0,https://www.tiktok.com/@shuvyluvy
210,7403406695717781521,allyada_,GO,-1,23,,,Eliza,0,N,1.00,0,0%,,,0,,,0,0,1,"100,000","100,000",Down,1,,"29,824",0,0,-1,-1,-3,0,0,0,-,0,,?0.00,8,20,0,https://www.tiktok.com/@allyada_
211,7364374728733310992,edwin.todd,GO,-1,24,@edwinmindmagician_79517,,Eliza,0,N,1.00,0,0%,,,0,,,0,0,1,"100,000","100,000",Down,1,,"117,286",0,0,-1,-1,-3,0,0,0,-,0,,?0.00,8,20,0,https://www.tiktok.com/@edwin.todd
212,7411085035362697232,skxiste.x,GO,-1,22,@skaiste04_,,Eliza,0,N,1.00,0,0%,,,0,,,0,0,1,"100,000","100,000",Down,1,,150,0,0,-1,-1,-3,"21,500",0,"10,750",-,0,,?0.00,8,20,0,https://www.tiktok.com/@skxiste.x
213,7437196772134436865,kay.louise06,GO,-1,20,,,LA,0,N,1.00,0,0%,,,0,,,0,0,1,"100,000","100,000",Down,1,,354,0,0,-1,-1,-3,0,0,0,-,0,,?0.00,8,20,0,https://www.tiktok.com/@kay.louise06
214,7442730520917835793,that.goode.stuff,GO,-1,20,,,Ruta,0,N,1.00,0,0%,,,0,,,0,0,1,"100,000","100,000",Down,1,,"3,029,459",0,0,-1,-1,-3,0,0,0,-,0,,?0.00,8,20,0,https://www.tiktok.com/@that.goode.stuff
215,7401955184798318609,lastrequestband,GO,-1,23,@devonjenkin,,Eliza,0,N,1.00,0,0%,,,0,,,0,0,1,"100,000","100,000",Down,1,,"158,621",0,0,-1,-1,-3,"2,500",0,"2,500",-,0,,?0.00,8,20,0,https://www.tiktok.com/@lastrequestband
216,7457192014036254736,c3zdav,GO,-1,18,,,LA,0,N,1.00,0,0%,,,0,,,0,0,1,"100,000","100,000",Down,1,,"768,982",0,0,-1,-1,-3,0,0,0,-,0,,?0.00,8,20,0,https://www.tiktok.com/@c3zdav
217,7419024763202322448,camerondcostaa,GO,-1,22,@cameron.dc9627 ,,Eliza,0,N,1.00,0,0%,,,0,,,0,0,1,"100,000","100,000",Down,1,,"19,185",0,0,-1,-1,-3,0,0,0,-,0,,?0.00,8,20,0,https://www.tiktok.com/@camerondcostaa
218,7403242183450509313,msslayx,GO,-1,,,,Eliza,0,N,1.00,0,0%,,,0,,,0,0,1,"100,000","100,000",Down,1,,"838,637",0,0,-1,-1,-3,0,0,0,-,0,,?0.00,8,20,0,https://www.tiktok.com/@msslayx
219,7408103378573688833,xkatrissekershawx,GO,-1,23,,,Eliza,0,N,1.00,0,0%,,,0,,,0,0,1,"100,000","100,000",Down,1,,0,0,0,-1,-1,-3,0,0,0,-,0,,?0.00,8,20,0,https://www.tiktok.com/@xkatrissekershawx
220,7400697408113655825,katieandersonwhite,GO,-1,23,@katieandersonwhite,,Eliza,0,N,1.00,0,0%,,,0,,,0,0,1,"100,000","100,000",Down,1,,"19,748",0,0,-1,-1,-3,"2,500",0,"2,500",-,0,,?0.00,8,20,0,https://www.tiktok.com/@katieandersonwhite
221,7427453485550944272,jace944444,GO,-1,,,,Eliza,0,N,1.00,0,0%,,,0,,,0,0,1,"100,000","100,000",Down,1,,98,0,0,-1,-1,-3,0,0,0,-,0,,?0.00,8,20,0,https://www.tiktok.com/@jace944444
222,7437667430488571905,xxx_.s._xx,GO,-1,20,,,LA,0,N,1.00,0,0%,,,0,,,0,0,1,"100,000","100,000",Down,1,,0,0,0,-1,-1,-3,"7,000",0,"7,000",-,0,,?0.00,8,20,0,https://www.tiktok.com/@xxx_.s._xx
223,7408950989614645264,phoebesim18,GO,-1,23,@phoebesim18,,Eliza,0,N,1.00,0,0%,,,0,,,0,0,1,"100,000","100,000",Down,1,,"24,292,893",0,0,-1,-1,-3,0,0,0,-,0,,?0.00,8,20,0,https://www.tiktok.com/@phoebesim18
224,7425367645014261776,yvsminbashir,GO,-1,21,,,LA,0,N,1.00,0,0%,,,0,,,0,0,1,"100,000","100,000",Down,1,,"41,968",0,0,-1,-1,-3,0,0,0,-,0,,?0.00,8,20,0,https://www.tiktok.com/@yvsminbashir
225,7449103585759150096,chloecampbellll,GO,-1,19,,,Eliza,0,N,1.00,0,0%,,,0,,,0,0,1,"100,000","100,000",Down,1,,"24,822",0,0,-1,-1,-3,0,0,0,-,0,,?0.00,8,20,0,https://www.tiktok.com/@chloecampbellll
226,7414018504438906881,yourbreakingme,GO,-1,22,,,Ruta,0,N,1.00,0,0%,,,0,,,0,0,1,"100,000","100,000",Down,1,,"376,167",0,0,-1,-1,-3,0,0,0,-,0,,?0.00,8,20,0,https://www.tiktok.com/@yourbreakingme
227,7405115246811299856,therealthatoreynolds,GO,-1,23,@thator0542,,Eliza,0,N,1.00,0,0%,,,0,,,0,0,1,"100,000","100,000",Down,1,,"283,113",0,0,-1,-1,-3,"10,000",0,"7,000",-,0,,?0.00,8,20,0,https://www.tiktok.com/@therealthatoreynolds
228,7467672490148659216,carbonfibre.duke,GO,-1,17,,,LA,0,N,1.00,0,0%,,,0,,,0,0,1,"100,000","100,000",Down,1,,"11,200",0,0,-1,-1,-3,0,0,0,-,0,,?0.00,8,20,0,https://www.tiktok.com/@carbonfibre.duke
229,7453453525046231056,maddison_h18,GO,-1,19,,,LA,0,N,1.00,0,0%,,,0,,,0,0,1,"100,000","100,000",Down,1,,"124,546",0,0,-1,-1,-3,0,0,0,-,0,,?0.00,8,20,0,https://www.tiktok.com/@maddison_h18
230,7473597933913456641,anyalace,GO,-1,17,,,LA,0,N,1.00,0,0%,,,0,,,0,0,1,"100,000","100,000",Down,1,,"113,488",0,0,-1,-1,-3,0,0,0,-,0,,?0.00,8,20,0,https://www.tiktok.com/@anyalace
231,7468588799468011537,ps.ldnx,GO,-1,17,,,LA,0,N,1.00,0,0%,,,0,,,0,0,1,"100,000","100,000",Down,1,,"730,243",0,0,-1,-1,-3,0,0,0,-,0,,?0.00,8,20,0,https://www.tiktok.com/@ps.ldnx
232,7421777847435608081,angeleyes1830,GO,-1,21,,,Ruta,0,N,1.00,0,0%,,,0,,,0,0,1,"100,000","100,000",Down,1,,"49,842",0,0,-1,-1,-3,"15,000",0,"15,000",-,0,,?0.00,8,20,0,https://www.tiktok.com/@angeleyes1830
233,7476937005738508289,annabelelouise,GO,-1,,@annabelelouise,,LA,0,N,1.00,0,0%,,,0,,,0,0,1,"100,000","100,000",Down,1,,"224,758",0,0,-1,-1,-3,0,0,0,-,0,,?0.00,8,20,0,https://www.tiktok.com/@annabelelouise
234,7474974619720597521,ironkittie,GO,-1,,,,Eliza,0,N,1.00,0,0%,,,0,,,0,0,1,"100,000","100,000",Down,1,,171,0,0,-1,-1,-3,0,0,0,-,0,,?0.00,8,20,0,https://www.tiktok.com/@ironkittie
235,7474956192163545089,thecrinaway,GO,-1,17,,,Eliza,0,N,1.00,0,0%,,,0,,,0,0,1,"100,000","100,000",Down,1,,73,0,0,-1,-1,-3,0,0,0,-,0,,?0.00,8,20,0,https://www.tiktok.com/@thecrinaway
236,7474973861868552193,madi__thomson,GO,-1,17,,,LA,0,N,1.00,0,0%,,,0,,,0,0,1,"100,000","100,000",Down,1,,"17,331",0,0,-1,-1,-3,0,0,0,-,0,,?0.00,8,20,0,https://www.tiktok.com/@madi__thomson
237,7449107094650830864,royale11111111,GO,-1,,,,LA,0,N,1.00,0,0%,,,0,,,0,0,1,"100,000","100,000",Down,1,,975,0,0,-1,-1,-3,0,0,0,-,0,,?0.00,8,20,0,https://www.tiktok.com/@royale11111111
238,7461664158312923152,josephdewhurst9,GO,-1,,,,Eliza,0,N,1.00,0,0%,,,0,,,0,0,1,"100,000","100,000",Down,1,,101,0,0,-1,-1,-3,0,0,0,-,0,,?0.00,8,20,0,https://www.tiktok.com/@josephdewhurst9
239,7477659269962203137,andreacwg,GO,-1,16,,,Eliza,0,N,1.00,0,0%,,,0,,,0,0,1,"100,000","100,000",Down,1,,"525,381",0,0,-1,-1,-3,0,0,0,-,0,,?0.00,8,20,0,https://www.tiktok.com/@andreacwg
240,7469074330190790673,vikkihay,GO,-1,17,@Vikz25,,LA,0,N,1.00,0,0%,,,0,,,0,0,1,"100,000","100,000",Down,1,,"12,860",0,0,-1,-1,-3,0,0,0,-,0,,?0.00,8,20,0,https://www.tiktok.com/@vikkihay
241,7390791070147428369,mr_t_phoenix,GO,-1,24,@t_phoenix_,,Ruta,0,N,1.00,0,0%,,,0,,,0,0,1,"100,000","100,000",Down,1,,"5,131",0,0,-1,-1,-3,"29,500",0,"29,500",-,0,,?0.00,8,20,0,https://www.tiktok.com/@mr_t_phoenix
242,7470593183785893889,caintheoricle,GO,-1,17,,,Eliza,0,N,1.00,0,0%,,,0,,,0,0,1,"100,000","100,000",Down,1,,"740,083",0,0,-1,-1,-3,0,0,0,-,0,,?0.00,8,20,0,https://www.tiktok.com/@caintheoricle
243,7404073688846450705,oblivion_dnb,GO,-1,23,,,Eliza,0,N,1.00,0,0%,,,0,,,0,0,1,"100,000","100,000",Down,1,,"1,354",0,0,-1,-1,-3,0,0,0,-,0,,?0.00,8,20,0,https://www.tiktok.com/@oblivion_dnb
244,7485083616540672017,key.motivation2,GO,-1,16,,,Eliza,0,N,1.00,0,0%,,,0,,,0,0,1,"100,000","100,000",Down,1,,"12,219",0,0,-1,-1,-3,0,0,0,-,0,,?0.00,8,20,0,https://www.tiktok.com/@key.motivation2
245,7371449205770043408,cambullofficial,GO,-1,19,,,Eliza,0,N,1.00,0,0%,,,0,,,0,0,1,"100,000","100,000",Down,1,,"10,916",0,0,-1,-1,-3,"6,000",0,"6,000",-,0,,?0.00,8,20,0,https://www.tiktok.com/@cambullofficial
246,7464982246513098769,agonyauntemxoxo,GO,-1,,,,LA,0,N,1.00,0,0%,,,0,,,0,0,1,"100,000","100,000",Down,1,,"209,451",0,0,-1,-1,-3,0,0,0,-,0,,?0.00,8,20,0,https://www.tiktok.com/@agonyauntemxoxo
247,7429260584820146192,hollyrobinson03,GO,-1,21,,,Eliza,0,N,1.00,0,0%,,,0,,,0,0,1,"100,000","100,000",Down,1,,"1,006,655",0,0,-1,-1,-3,0,0,0,-,0,,?0.00,8,20,0,https://www.tiktok.com/@hollyrobinson03
248,7437291038382915585,ashantililyx,GO,-1,20,,,LA,0,N,1.00,0,0%,,,0,,,0,0,1,"100,000","100,000",Down,1,,0,0,0,-1,-1,-3,0,0,0,-,0,,?0.00,8,20,0,https://www.tiktok.com/@ashantililyx
249,7408862487409590289,megskatee,GO,-1,23,,,Eliza,0,N,1.00,0,0%,,,0,,,0,0,1,"100,000","100,000",Down,1,,"196,817",0,0,-1,-1,-3,0,0,0,-,0,,?0.00,8,20,0,https://www.tiktok.com/@megskatee
250,7436749694006591504,annie_1066,GO,-1,,,,LA,0,N,1.00,0,0%,,,0,,,0,0,1,"100,000","100,000",Down,1,,"2,165",0,0,-1,-1,-3,0,0,0,-,0,,?0.00,8,20,0,https://www.tiktok.com/@annie_1066
251,7470581716596326416,fairydust1998,GO,-1,17,,,LA,0,N,1.00,0,0%,,,0,,,0,0,1,"100,000","100,000",Down,1,,"29,696",0,0,-1,-1,-3,0,0,0,-,0,,?0.00,8,20,0,https://www.tiktok.com/@fairydust1998
252,7480707511847452673,beccaallann,GO,-1,16,@beccaallan,,Eliza,0,N,1.00,0,0%,,,0,,,0,0,1,"100,000","100,000",Down,1,,"1,195,437",0,0,-1,-1,-3,0,0,0,-,0,,?0.00,8,20,0,https://www.tiktok.com/@beccaallann
253,7436546969092358161,sweetdelightscolc,GO,-1,17,,,LA,0,N,1.00,0,0%,,,0,,,0,0,1,"100,000","100,000",Down,1,,"13,970",0,0,-1,-1,-3,0,0,0,-,0,,?0.00,8,20,0,https://www.tiktok.com/@sweetdelightscolc
254,7386979465433399313,taboost.uk,GO,-1,24,@taboost,,Ruta,0,N,1.00,0,0%,,,0,,,0,0,1,"100,000","100,000",Down,1,,"3,266",0,0,-1,-1,-3,0,0,0,-,0,,?0.00,8,20,0,https://www.tiktok.com/@taboost.uk
255,7417862793346629649,scottyfella,GO,-1,22,,,Ruta,0,N,1.00,0,0%,,,0,,,0,0,1,"100,000","100,000",Down,1,,"309,311",0,0,-1,-1,-3,0,0,0,-,0,,?0.00,8,20,0,https://www.tiktok.com/@scottyfella
256,7437165859631759377,pollyanna.eve,GO,-1,20,,,LA,0,N,1.00,0,0%,,,0,,,0,0,1,"100,000","100,000",Down,1,,"2,167,011",0,0,-1,-1,-3,0,0,0,-,0,,?0.00,8,20,0,https://www.tiktok.com/@pollyanna.eve
257,7417902667126685712,thearchicreator,GO,-1,22,,,Eliza,0,N,1.00,0,0%,,,0,,,0,0,1,"100,000","100,000",Down,1,,"397,912",0,0,-1,-1,-3,0,0,0,-,0,,?0.00,8,20,0,https://www.tiktok.com/@thearchicreator
258,7464969502166581249,bridielouise97,GO,-1,18,,,LA,0,N,1.00,0,0%,,,0,,,0,0,1,"100,000","100,000",Down,1,,"10,036",0,0,-1,-1,-3,0,0,0,-,0,,?0.00,8,20,0,https://www.tiktok.com/@bridielouise97
284,7491006844547317776,_fredd0_,GO,-1,15,,,Eliza,0,N,1.00,0,0%,,,0,,,0,0,1,"100,000","100,000",Down,1,,0,0,0,-1,-1,-3,0,0,0,-,0,,?0.00,8,20,0,https://www.tiktok.com/@_fredd0_
260,7402594457440337937,carmencooksss,GO,-1,,@cathmorgan,,Eliza,0,N,1.00,0,0%,,,0,,,0,0,1,"100,000","100,000",Down,1,,14,0,0,-1,-1,-3,0,0,0,-,0,,?0.00,8,20,0,https://www.tiktok.com/@carmencooksss
261,7476184188438413313,noahdc.priv,GO,-1,17,,,Eliza,0,N,1.00,0,0%,,,0,,,0,0,1,"100,000","100,000",Down,1,,"14,199",0,0,-1,-1,-3,0,0,0,-,0,,?0.00,8,20,0,https://www.tiktok.com/@noahdc.priv
262,7401811487871778833,aniimx,GO,-1,23,@anii1993,,Eliza,0,N,1.00,0,0%,,,0,,,0,0,1,"100,000","100,000",Down,1,,"28,098",0,0,-1,-1,-3,"15,000",0,"15,000",-,0,,?0.00,8,20,0,https://www.tiktok.com/@aniimx
263,7386970723098705936,anetesalinieka,GO,-1,24,@anetesalinieka,,Eliza,0,Y,1.00,0,0%,,,0,,,0,0,1,"100,000","100,000",Down,1,,"12,154",1,0,-1,-1,-3,"59,500",0,"21,750",-,0,,?0.00,8,20,0,https://www.tiktok.com/@anetesalinieka
264,7389341960156266513,anyagoelofficial,GO,-1,24,,,Eliza,0,N,1.00,0,0%,,,0,,,0,0,1,"100,000","100,000",Down,1,,"54,288",0,0,-1,-1,-3,0,0,0,-,0,,?0.00,8,20,0,https://www.tiktok.com/@anyagoelofficial
265,7411964813141639184,ollyvert,GO,-1,22,@olly.vert,,Eliza,0,N,1.00,0,0%,,,0,,,0,0,1,"100,000","100,000",Down,1,,"227,096",0,0,-1,-1,-3,"89,000",0,"12,000",-,0,,?0.00,8,20,0,https://www.tiktok.com/@ollyvert
266,7359137923083599878,stormmariah,GO,-1,17,,,LA,0,N,1.00,0,0%,,,0,,,0,0,1,"100,000","100,000",Down,1,,"198,332",0,0,-1,-1,-3,0,0,0,-,0,,?0.00,8,20,0,https://www.tiktok.com/@stormmariah
267,7439136420012425217,azzabeaks697,GO,-1,20,,,LA,0,N,1.00,0,0%,,,0,,,0,0,1,"100,000","100,000",Down,1,,"361,029",0,0,-1,-1,-3,0,0,0,-,0,,?0.00,8,20,0,https://www.tiktok.com/@azzabeaks697
268,7418122857613672465,gordanforlife,GO,-1,22,@gordanforlife,,Eliza,0,N,1.00,0,0%,,,0,,,0,0,1,"100,000","100,000",Down,1,,"3,290",0,0,-1,-1,-3,0,0,0,-,0,,?0.00,8,20,0,https://www.tiktok.com/@gordanforlife
269,7473131980293455889,beccaavallis31,GO,-1,17,@Beccalfc33,,Eliza,0,N,1.00,0,0%,,,0,,,0,0,1,"100,000","100,000",Down,1,,"2,641",0,0,-1,-1,-3,0,0,0,-,0,,?0.00,8,20,0,https://www.tiktok.com/@beccaavallis31
270,7485017386937040912,offendiii,GO,-1,16,@fprivv10,,Eliza,0,N,1.00,0,0%,,,0,,,0,0,1,"100,000","100,000",Down,1,,"143,220",0,0,-1,-1,-3,0,0,0,-,0,,?0.00,8,20,0,https://www.tiktok.com/@offendiii
271,7368010209177976849,singalongwithpete1945,GO,-1,22,@singalongwithpetetiktok,,Eliza,0,N,1.00,0,0%,,,0,,,0,0,1,"100,000","100,000",Down,1,,0,0,0,-1,-1,-3,"53,000",0,0,-,0,,?0.00,8,20,0,https://www.tiktok.com/@singalongwithpete1945
272,7565137393679122433,richard.blackwell01,GO,-1,9,,,Eliza,0,N,1.00,0,0%,,,0,,,0,0,1,"100,000","100,000",Down,1,,"1,923",0,0,-1,-1,-3,0,0,0,-,0,,?0.00,8,20,0,https://www.tiktok.com/@richard.blackwell01
273,7560805982574624785,totes777,GO,-1,9,,,Eliza,0,N,1.00,0,0%,,,0,,,0,0,1,"100,000","100,000",Down,1,,"105,251",0,0,-1,-1,-3,0,0,0,-,0,,?0.00,8,20,0,https://www.tiktok.com/@totes777
274,7502438330483621905,milliekay8,GO,-1,12,,,LA,0,N,1.00,0,0%,,,0,,,0,0,1,"100,000","100,000",Down,1,,"71,038",0,0,-1,-1,-3,0,0,0,-,0,,?0.00,8,20,0,https://www.tiktok.com/@milliekay8
275,7424455425950793729,danhorton960,GO,-1,21,,,Eliza,0,N,1.00,0,0%,,,0,,,0,0,1,"100,000","100,000",Down,1,,"61,062",0,0,-1,-1,-3,0,0,0,-,0,,?0.00,8,20,0,https://www.tiktok.com/@danhorton960
276,7472523171841818641,asadbaddie,GO,-1,17,,,LA,0,N,1.00,0,0%,,,0,,,0,0,1,"100,000","100,000",Down,1,,"856,155",0,0,-1,-1,-3,0,0,0,-,0,,?0.00,8,20,0,https://www.tiktok.com/@asadbaddie
277,7473133285292572673,lyndseyw0,GO,-1,,,,LA,0,N,1.00,0,0%,,,0,,,0,0,1,"100,000","100,000",Down,1,,"15,308",0,0,-1,-1,-3,0,0,0,-,0,,?0.00,8,20,0,https://www.tiktok.com/@lyndseyw0
278,7484220762862272513,huntbecca,GO,-1,16,@beccanuht,,LA,0,N,1.00,0,0%,,,0,,,0,0,1,"100,000","100,000",Down,1,,"79,934,143",0,0,-1,-1,-3,0,0,0,-,0,,?0.00,8,20,0,https://www.tiktok.com/@huntbecca
279,7375111581560012801,cacdaddyknax,GO,-1,,@cactusknax,,Ruta,0,N,1.00,0,0%,,,0,,,0,0,1,"100,000","100,000",Down,1,,"22,682",0,0,-1,-1,-3,"7,000",0,"7,000",-,0,,?0.00,8,20,0,https://www.tiktok.com/@cacdaddyknax
280,7472490135750377488,leticiafreire.lf,GO,-1,17,@leticiafre.re,,Eliza,0,N,1.00,0,0%,,,0,,,0,0,1,"100,000","100,000",Down,1,,67,0,0,-1,-1,-3,0,0,0,-,0,,?0.00,8,20,0,https://www.tiktok.com/@leticiafreire.lf
281,7493248940150784016,tiffanyball908,GO,-1,15,@tiff2025,,LA,3,N,1.00,0,0%,,,0,,,0,0,1,"100,000","100,000",Down,1,,"6,769",0,0,-1,-1,-3,0,0,0,-,0,,?0.00,8,20,0,https://www.tiktok.com/@tiffanyball908
14,7425891447464853520,mariobtw0,GO,-1,21,,,Eliza,1,Y,1.00,1,10%,,,2,,,"1,125","2,411",1,"100,000","98,875",Down,1,,"1,231",21,0,-1,-1,-2,0,0,0,-,0,,?3.80,8,20,0,https://www.tiktok.com/@mariobtw0
282,7544731090267930640,withsukani,GO,-1,11,,,Eliza,0,N,1.00,0,0%,,,0,,,0,0,1,"100,000","100,000",Down,1,,833,0,0,-1,-1,-3,0,0,0,-,0,,?0.00,8,20,0,https://www.tiktok.com/@withsukani
283,7431944298314170384,13evadav,GO,-1,21,,,Eliza,0,N,1.00,0,0%,,,0,,,0,0,1,"100,000","100,000",Down,1,,"188,142",0,0,-1,-1,-3,0,0,0,-,0,,?0.00,8,20,0,https://www.tiktok.com/@13evadav
284,7456534278600540161,bbydoll4lifee,GO,-1,18,@bbydoll4lifee,,LA,0,N,1.00,0,0%,,,0,,,0,0,1,"100,000","100,000",Down,1,,"83,601",0,0,-1,-1,-3,0,0,0,-,0,,?0.00,8,20,0,https://www.tiktok.com/@bbydoll4lifee
285,7359138749097312262,theliberatedsoul,GO,-1,20,,,Eliza,0,N,1.00,0,0%,,,0,,,0,0,1,"100,000","100,000",Down,1,,"9,090",0,0,-1,-1,-3,"2,000",0,"2,000",-,0,,?0.00,8,20,0,https://www.tiktok.com/@theliberatedsoul
286,7553991137481228289,cleona_divine,GO,-1,10,,,Eliza,0,N,1.00,1,10%,,,1,,,0,0,1,"100,000","100,000",Down,1,,"7,042",0,0,-1,-1,-3,0,0,0,-,0,,?0.00,8,20,0,https://www.tiktok.com/@cleona_divine
320,7524473804756631569,whispermuseasmr,GO,-1,12,@whispermuseasmr,,Eliza,0,N,1.00,0,0%,,,0,,,0,0,1,"100,000","100,000",Down,1,,"3,646",0,0,-1,-1,-3,0,0,0,-,0,,?0.00,8,20,0,https://www.tiktok.com/@whispermuseasmr
288,7555888715881611280,shiann.johnhenry,GO,-1,10,@shelbyjanes.,,Eliza,0,N,1.00,0,0%,,,0,,,0,0,1,"100,000","100,000",Down,1,,"4,569",0,0,-1,-1,-3,0,0,0,-,0,,?0.00,8,20,0,https://www.tiktok.com/@shiann.johnhenry
289,7553625270012395537,eves.maexx,GO,-1,,,,Eliza,0,N,1.00,0,0%,,,0,,,0,0,1,"100,000","100,000",Down,1,,121,0,0,-1,-1,-3,0,0,0,-,0,,?0.00,8,20,0,https://www.tiktok.com/@eves.maexx
290,7552936321606713345,ovuosgoody,GO,-1,10,@ovuosgoody,,Eliza,0,N,1.00,0,0%,,,0,,,0,0,1,"100,000","100,000",Down,1,,"5,882",0,0,-1,-1,-3,0,0,0,-,0,,?0.00,8,20,0,https://www.tiktok.com/@ovuosgoody
291,7511373604722851856,itsprismatical,GO,-1,13,,,Eliza,0,N,1.00,0,0%,,,0,,,0,0,1,"100,000","100,000",Down,1,,"496,572",0,0,-1,-1,-3,0,0,0,-,0,,?0.00,8,20,0,https://www.tiktok.com/@itsprismatical
292,7504350643155599377,milli3rose,GO,-1,11,@millierose_16392,,Eliza,0,N,1.00,0,0%,,,0,,,0,0,1,"100,000","100,000",Down,1,,"1,255,549",0,0,-1,-1,-3,"3,000",0,0,-,0,,?0.00,8,20,0,https://www.tiktok.com/@milli3rose
65,7537753110169518096,emily_luckyfinds,GO,-1,,@emilyt22_o,,Eliza,1,Y,1.00,0,0%,,,0,,,1,2,1,"100,000","99,999",Down,1,,"1,197",0,0,-1,-1,-3,0,0,0,-,0,,?0.00,8,20,0,https://www.tiktok.com/@emily_luckyfinds
293,7542952574803001360,jasminespprivv,GO,-1,11,,,Eliza,0,N,1.00,0,0%,,,0,,,0,0,1,"100,000","100,000",Down,1,,92,0,0,-1,-1,-3,0,0,0,-,0,,?0.00,8,20,0,https://www.tiktok.com/@jasminespprivv
294,7562965220340170769,martadoesmusic,GO,-1,9,,,Eliza,0,N,1.00,0,0%,,,0,,,0,0,1,"100,000","100,000",Down,1,,"252,886",0,0,-1,-1,-3,0,0,0,-,0,,?0.00,8,20,0,https://www.tiktok.com/@martadoesmusic
295,7584935662508490753,oliviachurcher_,GO,-1,7,,,Eliza,0,N,1.00,0,0%,,,0,,,0,0,1,"100,000","100,000",Down,1,,"10,312",0,0,-1,-1,-3,0,0,0,-,0,,?0.00,8,20,0,https://www.tiktok.com/@oliviachurcher_
296,7586259163341373457,naz23xox,GO,-1,7,@naz23xox,,Eliza,0,N,1.00,0,0%,,,0,,,0,0,1,"100,000","100,000",Down,1,,"12,359",0,0,-1,-1,-3,0,0,0,-,0,,?0.00,8,20,0,https://www.tiktok.com/@naz23xox
297,7591892296887582721,megan_leigh0,GO,-1,,@megan_leigh188,,Eliza,0,N,1.00,0,0%,,,0,,,0,0,1,"100,000","100,000",Down,1,,"61,025",0,0,-1,-1,-3,0,0,0,-,0,,?0.00,8,20,0,https://www.tiktok.com/@megan_leigh0
320,7564833215588892689,joe650296,GO,-1,9,,,Eliza,0,Y,1.00,0,0%,,,0,,,0,0,1,"100,000","100,000",Down,1,,"42,844",42,0,-1,-1,-3,0,0,0,-,0,,?0.00,8,20,0,https://www.tiktok.com/@joe650296
299,7531232605170302992,tayaw,GO,-1,6,,,Eliza,0,Y,1.00,0,0%,,,0,,,0,0,1,"100,000","100,000",Down,1,,"17,627",1,0,-1,-1,-3,0,0,0,-,0,,?0.00,8,20,0,https://www.tiktok.com/@tayaw
320,7593105311939051537,rue_styleedits,GO,-1,6,,,Eliza,0,N,1.00,0,0%,,,0,,,0,0,1,"100,000","100,000",Down,1,,"12,197",0,0,-1,-1,-3,0,0,0,-,0,,?0.00,8,20,0,https://www.tiktok.com/@rue_styleedits
301,7593855768248582160,salvatore..daries,GO,-1,,,,Eliza,0,N,1.00,0,0%,,,0,,,0,0,1,"100,000","100,000",Down,1,,"54,800",0,0,-1,-1,-3,0,0,0,-,0,,?0.00,8,20,0,https://www.tiktok.com/@salvatore..daries
302,7575167721852272657,realmissbalmain,GO,-1,8,@missbalmain,,Eliza,0,N,1.00,0,0%,,,0,,,0,0,1,"100,000","100,000",Down,1,,"18,630",0,0,-1,-1,-3,0,0,0,-,0,,?0.00,8,20,0,https://www.tiktok.com/@realmissbalmain
303,7584459312647684097,rubes5702,GO,-1,5,,,Eliza,0,N,1.00,0,0%,,,0,,,0,0,1,"100,000","100,000",Down,1,,68,0,0,-1,-1,-3,0,0,0,-,0,,?0.00,8,20,0,https://www.tiktok.com/@rubes5702
304,7608296293735235585,lilylovesfia,GO,-1,5,@Lil234ash567,,Eliza,0,Y,1.00,0,0%,,,0,,,0,0,1,"100,000","100,000",Down,1,,"27,315",642,0,-1,-1,-3,0,0,0,-,0,,?0.00,8,20,0,https://www.tiktok.com/@lilylovesfia
16,7629140935636598801,jackmacleodmusic,GO,-1,4,@jacko2463,,Stian,16,Y,1.00,2,19%,,,2,,,905,"1,939",1,"100,000","99,095",Down,1,,955,-1,-2,,,-3,0,0,0,-,0,,?3.05,8,20,0,https://www.tiktok.com/@jackmacleodmusic
23,7435079276774539280,cjkonnichiwaa,GO,-1,20,,,Eliza,0,Y,1.00,0,0%,,,0,,,500,"1,071",1,"100,000","99,500",Down,1,,260,-1,-2,,,-3,0,0,0,-,0,,?1.69,8,20,0,https://www.tiktok.com/@cjkonnichiwaa
305,7454700894580473872,irwmain,GO,-1,5,@irwlive,,Eliza,0,Y,1.00,0,0%,,,0,,,0,0,1,"100,000","100,000",Down,1,,"3,889",-1,-2,,,-3,0,0,0,-,0,,?0.00,8,20,0,https://www.tiktok.com/@irwmain
306,7547501656385077265,jessyordxxx,GO,-1,8,@jessymiaxxx,,Eliza,0,Y,1.00,0,0%,,,0,,,0,0,1,"100,000","100,000",Down,1,,"2,620",-1,-2,,,-3,0,0,0,-,0,,?0.00,8,20,0,https://www.tiktok.com/@jessyordxxx
307,7478464891448279057,_sarrareidd,GO,-1,16,@sarrareid123,,Eliza,0,Y,1.00,0,0%,,,0,,,0,0,1,"100,000","100,000",Down,1,,"356,264",-1,-2,,,-3,0,0,0,-,0,,?0.00,8,20,0,https://www.tiktok.com/@_sarrareidd
308,7425612266881433617,kidchinyere,GO,-1,21,,,Eliza,0,Y,1.00,0,0%,,,0,,,0,0,1,"100,000","100,000",Down,1,,"12,547,946",-1,-2,,,-3,0,0,0,-,0,,?0.00,8,20,0,https://www.tiktok.com/@kidchinyere
309,7581583532783517712,landopaws,GO,-1,7,@wkdpink,,LA,0,Y,1.00,0,0%,,,0,,,0,0,1,"100,000","100,000",Down,1,,"5,848",-1,-2,,,-3,0,0,0,-,0,,?0.00,8,20,0,https://www.tiktok.com/@landopaws
310,7579222923618189329,emmalouisemc1,GO,-1,7,,,Eliza,0,Y,1.00,0,0%,,,0,,,0,0,1,"100,000","100,000",Down,1,,"6,119",-1,-2,,,-3,0,0,0,-,0,,?0.00,8,20,0,https://www.tiktok.com/@emmalouisemc1
311,7480575084210651137,shaylawrence4,GO,-1,16,,,Eliza,0,Y,1.00,0,0%,,,0,,,0,0,1,"100,000","100,000",Down,1,,0,-1,-2,,,-3,0,0,0,-,0,,?0.00,8,20,0,https://www.tiktok.com/@shaylawrence4
312,7568587220219707393,bigm4ttyboy,GO,-1,8,,,Eliza,0,Y,1.00,0,0%,,,0,,,0,0,1,"100,000","100,000",Down,1,,"4,532",-1,-2,,,-3,0,0,0,-,0,,?0.00,8,20,0,https://www.tiktok.com/@bigm4ttyboy
313,7611980341091418129,guruleekeys,GO,-1,5,,,Eliza,0,Y,1.00,0,0%,,,0,,,0,0,1,"100,000","100,000",Down,1,,"95,884",-1,-2,,,-3,0,0,0,-,0,,?0.00,8,20,0,https://www.tiktok.com/@guruleekeys
314,7460226199030366209,ourspooky_home,GO,-1,18,,,LA,0,Y,1.00,0,0%,,,0,,,0,0,1,"100,000","100,000",Down,1,,0,-1,-2,,,-3,0,0,0,-,0,,?0.00,8,20,0,https://www.tiktok.com/@ourspooky_home
315,7549901475690971153,believer6470,GO,-1,10,@sumaiya04895,,Eliza,0,Y,1.00,0,0%,,,0,,,0,0,1,"100,000","100,000",Down,1,,"3,613",-1,-2,,,-3,0,0,0,-,0,,?0.00,8,20,0,https://www.tiktok.com/@believer6470
316,7420693261460865041,gothmama13,GO,-1,21,@Cre,,LA,0,Y,1.00,0,0%,,,0,,,0,0,1,"100,000","100,000",Down,1,,"9,333",-1,-2,,,-3,0,0,0,-,0,,?0.00,8,20,0,https://www.tiktok.com/@gothmama13
317,7545611389042458641,jayzontopcl,GO,-1,10,,,Eliza,0,Y,1.00,0,0%,,,0,,,0,0,1,"100,000","100,000",Down,1,,"2,209",-1,-2,,,-3,0,0,0,-,0,,?0.00,8,20,0,https://www.tiktok.com/@jayzontopcl
318,7594853240475402257,gooodness93,GO,-1,6,,,Eliza,0,Y,1.00,0,0%,,,0,,,0,0,1,"100,000","100,000",Down,1,,"10,045",-1,-2,,,-3,0,0,0,-,0,,?0.00,8,20,0,https://www.tiktok.com/@gooodness93
319,7538132304020144129,mrjoey0319,GO,-1,11,,,Eliza,0,Y,1.00,0,0%,,,0,,,0,0,1,"100,000","100,000",Down,1,,"2,561",-1,-2,,,-3,0,0,0,-,0,,?0.00,8,20,0,https://www.tiktok.com/@mrjoey0319
320,7513862866395611152,vtubzyofficial,GO,-1,13,,,Eliza,0,Y,1.00,0,0%,,,0,,,0,0,1,"100,000","100,000",Down,1,,0,-1,-2,,,-3,0,0,0,-,0,,?0.00,8,20,0,https://www.tiktok.com/@vtubzyofficial
,,,,,,,,,,,,,,,,,,,,,,,,,,,,,,,,,,,,,,,,0,0,0,
,,,,,,,,,,,,,,,,,,,,,,,,,,,,,,,,,,,,,,,,0,0,0,
,,,,,,,,,,,,,,,,,,,,,,,,,,,,,,,,,,,,,,,,0,0,0,
,,,,,,,,,,,,,,,,,,,,,,,,,,,,,,,,,,,,,,,,0,0,0,
,,,,,,,,,,,,,,,,,,,,,,,,,,,,,,,,,,,,,,,,0,0,0,
,,,,,,,,,,,,,,,,,,,,,,,,,,,,,,,,,,,,,,,,0,0,0,
,,,,,,,,,,,,,,,,,,,,,,,,,,,,,,,,,,,,,,,,0,0,0,
,,,,,,,,,,,,,,,,,,,,,,,,,,,,,,,,,,,,,,,,0,0,0,
,,,,,,,,,,,,,,,,,,,,,,,,,,,,,,,,,,,,,,,,0,0,0,
,,,,,,,,,,,,,,,,,,,,,,,,,,,,,,,,,,,,,,,,0,0,0,
,,,,,,,,,,,,,,,,,,,,,,,,,,,,,,,,,,,,,,,,0,0,0,
,,,,,,,,,,,,,,,,,,,,,,,,,,,,,,,,,,,,,,,,0,0,0,
,,,,,,,,,,,,,,,,,,,,,,,,,,,,,,,,,,,,,,,,0,0,0,
,,,,,,,,,,,,,,,,,,,,,,,,,,,,,,,,,,,,,,,,0,0,0,
,,,,,,,,,,,,,,,,,,,,,,,,,,,,,,,,,,,,,,,,0,0,0,
,,,,,,,,,,,,,,,,,,,,,,,,,,,,,,,,,,,,,,,,0,0,0,
,,,,,,,,,,,,,,,,,,,,,,,,,,,,,,,,,,,,,,,,0,0,0,
,,,,,,,,,,,,,,,,,,,,,,,,,,,,,,,,,,,,,,,,0,0,0,
,,,,,,,,,,,,,,,,,,,,,,,,,,,,,,,,,,,,,,,,0,0,0,
,,,,,,,,,,,,,,,,,,,,,,,,,,,,,,,,,,,,,,,,0,0,0,
,,,,,,,,,,,,,,,,,,,,,,,,,,,,,,,,,,,,,,,,0,0,0,
,,,,,,,,,,,,,,,,,,,,,,,,,,,,,,,,,,,,,,,,0,0,0,
,,,,,,,,,,,,,,,,,,,,,,,,,,,,,,,,,,,,,,,,0,0,0,
,,,,,,,,,,,,,,,,,,,,,,,,,,,,,,,,,,,,,,,,0,0,0,
,,,,,,,,,,,,,,,,,,,,,,,,,,,,,,,,,,,,,,,,0,0,0,
,,,,,,,,,,,,,,,,,,,,,,,,,,,,,,,,,,,,,,,,0,0,0,
,,,,,,,,,,,,,,,,,,,,,,,,,,,,,,,,,,,,,,,,0,0,0,
,,,,,,,,,,,,,,,,,,,,,,,,,,,,,,,,,,,,,,,,0,0,0,
,,,,,,,,,,,,,,,,,,,,,,,,,,,,,,,,,,,,,,,,0,0,0,
,,,,,,,,,,,,,,,,,,,,,,,,,,,,,,,,,,,,,,,,0,0,0,
,,,,,,,,,,,,,,,,,,,,,,,,,,,,,,,,,,,,,,,,0,0,0,
,,,,,,,,,,,,,,,,,,,,,,,,,,,,,,,,,,,,,,,,0,0,0,
,,,,,,,,,,,,,,,,,,,,,,,,,,,,,,,,,,,,,,,,0,0,0,
,,,,,,,,,,,,,,,,,,,,,,,,,,,,,,,,,,,,,,,,0,0,0,
,,,,,,,,,,,,,,,,,,,,,,,,,,,,,,,,,,,,,,,,0,0,0,
,,,,,,,,,,,,,,,,,,,,,,,,,,,,,,,,,,,,,,,,0,0,0,
,,,,,,,,,,,,,,,,,,,,,,,,,,,,,,,,,,,,,,,,0,0,0,
,,,,,,,,,,,,,,,,,,,,,,,,,,,,,,,,,,,,,,,,0,0,0,
,,,,,,,,,,,,,,,,,,,,,,,,,,,,,,,,,,,,,,,,0,0,0,
,,,,,,,,,,,,,,,,,,,,,,,,,,,,,,,,,,,,,,,,0,0,0,
,,,,,,,,,,,,,,,,,,,,,,,,,,,,,,,,,,,,,,,,0,0,0,
,,,,,,,,,,,,,,,,,,,,,,,,,,,,,,,,,,,,,,,,0,0,0,
,,,,,,,,,,,,,,,,,,,,,,,,,,,,,,,,,,,,,,,,0,0,0,
,,,,,,,,,,,,,,,,,,,,,,,,,,,,,,,,,,,,,,,,0,0,0,
,,,,,,,,,,,,,,,,,,,,,,,,,,,,,,,,,,,,,,,,0,0,0,
,,,,,,,,,,,,,,,,,,,,,,,,,,,,,,,,,,,,,,,,0,0,0,
,,,,,,,,,,,,,,,,,,,,,,,,,,,,,,,,,,,,,,,,0,0,0,
,,,,,,,,,,,,,,,,,,,,,,,,,,,,,,,,,,,,,,,,0,0,0,
,,,,,,,,,,,,,,,,,,,,,,,,,,,,,,,,,,,,,,,,0,0,0,
,,,,,,,,,,,,,,,,,,,,,,,,,,,,,,,,,,,,,,,,0,0,0,
,,,,,,,,,,,,,,,,,,,,,,,,,,,,,,,,,,,,,,,,0,0,0,
,,,,,,,,,,,,,,,,,,,,,,,,,,,,,,,,,,,,,,,,0,0,0,
,,,,,,,,,,,,,,,,,,,,,,,,,,,,,,,,,,,,,,,,0,0,0,
,,,,,,,,,,,,,,,,,,,,,,,,,,,,,,,,,,,,,,,,0,0,0,
,,,,,,,,,,,,,,,,,,,,,,,,,,,,,,,,,,,,,,,,0,0,0,
,,,,,,,,,,,,,,,,,,,,,,,,,,,,,,,,,,,,,,,,0,0,0,
,,,,,,,,,,,,,,,,,,,,,,,,,,,,,,,,,,,,,,,,0,0,0,
,,,,,,,,,,,,,,,,,,,,,,,,,,,,,,,,,,,,,,,,0,0,0,
,,,,,,,,,,,,,,,,,,,,,,,,,,,,,,,,,,,,,,,,0,0,0,
,,,,,,,,,,,,,,,,,,,,,,,,,,,,,,,,,,,,,,,,0,0,0,
,,,,,,,,,,,,,,,,,,,,,,,,,,,,,,,,,,,,,,,,0,0,0,
,,,,,,,,,,,,,,,,,,,,,,,,,,,,,,,,,,,,,,,,0,0,0,
,,,,,,,,,,,,,,,,,,,,,,,,,,,,,,,,,,,,,,,,0,0,0,
,,,,,,,,,,,,,,,,,,,,,,,,,,,,,,,,,,,,,,,,0,0,0,
,,,,,,,,,,,,,,,,,,,,,,,,,,,,,,,,,,,,,,,,0,0,0,
,,,,,,,,,,,,,,,,,,,,,,,,,,,,,,,,,,,,,,,,0,0,0,
,,,,,,,,,,,,,,,,,,,,,,,,,,,,,,,,,,,,,,,,0,0,0,
,,,,,,,,,,,,,,,,,,,,,,,,,,,,,,,,,,,,,,,,0,0,0,
,,,,,,,,,,,,,,,,,,,,,,,,,,,,,,,,,,,,,,,,0,0,0,
,,,,,,,,,,,,,,,,,,,,,,,,,,,,,,,,,,,,,,,,0,0,0,
,,,,,,,,,,,,,,,,,,,,,,,,,,,,,,,,,,,,,,,,0,0,0,
,,,,,,,,,,,,,,,,,,,,,,,,,,,,,,,,,,,,,,,,0,0,0,
,,,,,,,,,,,,,,,,,,,,,,,,,,,,,,,,,,,,,,,,0,0,0,
,,,,,,,,,,,,,,,,,,,,,,,,,,,,,,,,,,,,,,,,0,0,0,
,,,,,,,,,,,,,,,,,,,,,,,,,,,,,,,,,,,,,,,,0,0,0,
,,,,,,,,,,,,,,,,,,,,,,,,,,,,,,,,,,,,,,,,0,0,0,
,,,,,,,,,,,,,,,,,,,,,,,,,,,,,,,,,,,,,,,,0,0,0,
,,,,,,,,,,,,,,,,,,,,,,,,,,,,,,,,,,,,,,,,0,0,0,
,,,,,,,,,,,,,,,,,,,,,,,,,,,,,,,,,,,,,,,,0,0,0,
,,,,,,,,,,,,,,,,,,,,,,,,,,,,,,,,,,,,,,,,0,0,0,
,,,,,,,,,,,,,,,,,,,,,,,,,,,,,,,,,,,,,,,,0,0,0,
,,,,,,,,,,,,,,,,,,,,,,,,,,,,,,,,,,,,,,,,0,0,0,
,,,,,,,,,,,,,,,,,,,,,,,,,,,,,,,,,,,,,,,,0,0,0,
,,,,,,,,,,,,,,,,,,,,,,,,,,,,,,,,,,,,,,,,0,0,0,
,,,,,,,,,,,,,,,,,,,,,,,,,,,,,,,,,,,,,,,,0,0,0,
,,,,,,,,,,,,,,,,,,,,,,,,,,,,,,,,,,,,,,,,0,0,0,
,,,,,,,,,,,,,,,,,,,,,,,,,,,,,,,,,,,,,,,,0,0,0,
,,,,,,,,,,,,,,,,,,,,,,,,,,,,,,,,,,,,,,,,0,0,0,
,,,,,,,,,,,,,,,,,,,,,,,,,,,,,,,,,,,,,,,,0,0,0,
,,,,,,,,,,,,,,,,,,,,,,,,,,,,,,,,,,,,,,,,0,0,0,
,,,,,,,,,,,,,,,,,,,,,,,,,,,,,,,,,,,,,,,,0,0,0,
,,,,,,,,,,,,,,,,,,,,,,,,,,,,,,,,,,,,,,,,0,0,0,
,,,,,,,,,,,,,,,,,,,,,,,,,,,,,,,,,,,,,,,,0,0,0,
,,,,,,,,,,,,,,,,,,,,,,,,,,,,,,,,,,,,,,,,0,0,0,
,,,,,,,,,,,,,,,,,,,,,,,,,,,,,,,,,,,,,,,,0,0,0,
,,,,,,,,,,,,,,,,,,,,,,,,,,,,,,,,,,,,,,,,0,0,0,
,,,,,,,,,,,,,,,,,,,,,,,,,,,,,,,,,,,,,,,,0,0,0,
,,,,,,,,,,,,,,,,,,,,,,,,,,,,,,,,,,,,,,,,0,0,0,
,,,,,,,,,,,,,,,,,,,,,,,,,,,,,,,,,,,,,,,,0,0,0,
,,,,,,,,,,,,,,,,,,,,,,,,,,,,,,,,,,,,,,,,0,0,0,
,,,,,,,,,,,,,,,,,,,,,,,,,,,,,,,,,,,,,,,,0,0,0,
,,,,,,,,,,,,,,,,,,,,,,,,,,,,,,,,,,,,,,,,0,0,0,
,,,,,,,,,,,,,,,,,,,,,,,,,,,,,,,,,,,,,,,,0,0,0,
,,,,,,,,,,,,,,,,,,,,,,,,,,,,,,,,,,,,,,,,0,0,0,
,,,,,,,,,,,,,,,,,,,,,,,,,,,,,,,,,,,,,,,,0,0,0,
,,,,,,,,,,,,,,,,,,,,,,,,,,,,,,,,,,,,,,,,0,0,0,
,,,,,,,,,,,,,,,,,,,,,,,,,,,,,,,,,,,,,,,,0,0,0,
,,,,,,,,,,,,,,,,,,,,,,,,,,,,,,,,,,,,,,,,0,0,0,
,,,,,,,,,,,,,,,,,,,,,,,,,,,,,,,,,,,,,,,,0,0,0,
,,,,,,,,,,,,,,,,,,,,,,,,,,,,,,,,,,,,,,,,0,0,0,
,,,,,,,,,,,,,,,,,,,,,,,,,,,,,,,,,,,,,,,,0,0,0,
,,,,,,,,,,,,,,,,,,,,,,,,,,,,,,,,,,,,,,,,0,0,0,
,,,,,,,,,,,,,,,,,,,,,,,,,,,,,,,,,,,,,,,,0,0,0,
,,,,,,,,,,,,,,,,,,,,,,,,,,,,,,,,,,,,,,,,0,0,0,
,,,,,,,,,,,,,,,,,,,,,,,,,,,,,,,,,,,,,,,,0,0,0,
,,,,,,,,,,,,,,,,,,,,,,,,,,,,,,,,,,,,,,,,0,0,0,
,,,,,,,,,,,,,,,,,,,,,,,,,,,,,,,,,,,,,,,,0,0,0,
,,,,,,,,,,,,,,,,,,,,,,,,,,,,,,,,,,,,,,,,0,0,0,
,,,,,,,,,,,,,,,,,,,,,,,,,,,,,,,,,,,,,,,,0,0,0,
,,,,,,,,,,,,,,,,,,,,,,,,,,,,,,,,,,,,,,,,0,0,0,
,,,,,,,,,,,,,,,,,,,,,,,,,,,,,,,,,,,,,,,,0,0,0,
,,,,,,,,,,,,,,,,,,,,,,,,,,,,,,,,,,,,,,,,0,0,0,
,,,,,,,,,,,,,,,,,,,,,,,,,,,,,,,,,,,,,,,,0,0,0,
,,,,,,,,,,,,,,,,,,,,,,,,,,,,,,,,,,,,,,,,0,0,0,
,,,,,,,,,,,,,,,,,,,,,,,,,,,,,,,,,,,,,,,,0,0,0,
,,,,,,,,,,,,,,,,,,,,,,,,,,,,,,,,,,,,,,,,0,0,0,
,,,,,,,,,,,,,,,,,,,,,,,,,,,,,,,,,,,,,,,,0,0,0,
,,,,,,,,,,,,,,,,,,,,,,,,,,,,,,,,,,,,,,,,0,0,0,
,,,,,,,,,,,,,,,,,,,,,,,,,,,,,,,,,,,,,,,,0,0,0,
,,,,,,,,,,,,,,,,,,,,,,,,,,,,,,,,,,,,,,,,0,0,0,
,,,,,,,,,,,,,,,,,,,,,,,,,,,,,,,,,,,,,,,,0,0,0,
,,,,,,,,,,,,,,,,,,,,,,,,,,,,,,,,,,,,,,,,0,0,0,
,,,,,,,,,,,,,,,,,,,,,,,,,,,,,,,,,,,,,,,,0,0,0,
,,,,,,,,,,,,,,,,,,,,,,,,,,,,,,,,,,,,,,,,0,0,0,
,,,,,,,,,,,,,,,,,,,,,,,,,,,,,,,,,,,,,,,,0,0,0,
,,,,,,,,,,,,,,,,,,,,,,,,,,,,,,,,,,,,,,,,0,0,0,
,,,,,,,,,,,,,,,,,,,,,,,,,,,,,,,,,,,,,,,,0,0,0,
,,,,,,,,,,,,,,,,,,,,,,,,,,,,,,,,,,,,,,,,0,0,0,
,,,,,,,,,,,,,,,,,,,,,,,,,,,,,,,,,,,,,,,,0,0,0,
,,,,,,,,,,,,,,,,,,,,,,,,,,,,,,,,,,,,,,,,0,0,0,
,,,,,,,,,,,,,,,,,,,,,,,,,,,,,,,,,,,,,,,,0,0,0,
,,,,,,,,,,,,,,,,,,,,,,,,,,,,,,,,,,,,,,,,0,0,0,
,,,,,,,,,,,,,,,,,,,,,,,,,,,,,,,,,,,,,,,,0,0,0,
,,,,,,,,,,,,,,,,,,,,,,,,,,,,,,,,,,,,,,,,0,0,0,
,,,,,,,,,,,,,,,,,,,,,,,,,,,,,,,,,,,,,,,,0,0,0,
,,,,,,,,,,,,,,,,,,,,,,,,,,,,,,,,,,,,,,,,0,0,0,
,,,,,,,,,,,,,,,,,,,,,,,,,,,,,,,,,,,,,,,,0,0,0,
,,,,,,,,,,,,,,,,,,,,,,,,,,,,,,,,,,,,,,,,0,0,0,
,,,,,,,,,,,,,,,,,,,,,,,,,,,,,,,,,,,,,,,,0,0,0,
,,,,,,,,,,,,,,,,,,,,,,,,,,,,,,,,,,,,,,,,0,0,0,
,,,,,,,,,,,,,,,,,,,,,,,,,,,,,,,,,,,,,,,,0,0,0,
,,,,,,,,,,,,,,,,,,,,,,,,,,,,,,,,,,,,,,,,0,0,0,
,,,,,,,,,,,,,,,,,,,,,,,,,,,,,,,,,,,,,,,,0,0,0,
,,,,,,,,,,,,,,,,,,,,,,,,,,,,,,,,,,,,,,,,0,0,0,
,,,,,,,,,,,,,,,,,,,,,,,,,,,,,,,,,,,,,,,,0,0,0,
,,,,,,,,,,,,,,,,,,,,,,,,,,,,,,,,,,,,,,,,0,0,0,
,,,,,,,,,,,,,,,,,,,,,,,,,,,,,,,,,,,,,,,,0,0,0,
,,,,,,,,,,,,,,,,,,,,,,,,,,,,,,,,,,,,,,,,0,0,0,
,,,,,,,,,,,,,,,,,,,,,,,,,,,,,,,,,,,,,,,,0,0,0,
,,,,,,,,,,,,,,,,,,,,,,,,,,,,,,,,,,,,,,,,0,0,0,
,,,,,,,,,,,,,,,,,,,,,,,,,,,,,,,,,,,,,,,,0,0,0,
,,,,,,,,,,,,,,,,,,,,,,,,,,,,,,,,,,,,,,,,0,0,0,
,,,,,,,,,,,,,,,,,,,,,,,,,,,,,,,,,,,,,,,,0,0,0,
,,,,,,,,,,,,,,,,,,,,,,,,,,,,,,,,,,,,,,,,0,0,0,
,,,,,,,,,,,,,,,,,,,,,,,,,,,,,,,,,,,,,,,,0,0,0,
,,,,,,,,,,,,,,,,,,,,,,,,,,,,,,,,,,,,,,,,0,0,0,
,,,,,,,,,,,,,,,,,,,,,,,,,,,,,,,,,,,,,,,,0,0,0,
,,,,,,,,,,,,,,,,,,,,,,,,,,,,,,,,,,,,,,,,0,0,0,
,,,,,,,,,,,,,,,,,,,,,,,,,,,,,,,,,,,,,,,,0,0,0,
,,,,,,,,,,,,,,,,,,,,,,,,,,,,,,,,,,,,,,,,0,0,0,
,,,,,,,,,,,,,,,,,,,,,,,,,,,,,,,,,,,,,,,,0,0,0,
,,,,,,,,,,,,,,,,,,,,,,,,,,,,,,,,,,,,,,,,0,0,0,
,,,,,,,,,,,,,,,,,,,,,,,,,,,,,,,,,,,,,,,,0,0,0,
,,,,,,,,,,,,,,,,,,,,,,,,,,,,,,,,,,,,,,,,0,0,0,
,,,,,,,,,,,,,,,,,,,,,,,,,,,,,,,,,,,,,,,,0,0,0,
,,,,,,,,,,,,,,,,,,,,,,,,,,,,,,,,,,,,,,,,0,0,0,
,,,,,,,,,,,,,,,,,,,,,,,,,,,,,,,,,,,,,,,,0,0,0,
,,,,,,,,,,,,,,,,,,,,,,,,,,,,,,,,,,,,,,,,0,0,0,
,,,,,,,,,,,,,,,,,,,,,,,,,,,,,,,,,,,,,,,,0,0,0,